,time,state,acc,ch1,ch2,ch3,ch4,ch5
0,1,e,0.0,0.004750000000000001,0.007249999999999999,0.008150000000000001,0.0038,0.00565
1,2,e,0.0,0.0039499999999999995,0.0048,0.00365,0.00615,0.0075499999999999986
2,3,e,0.0,0.007299999999999998,0.0168,0.012149999999999998,0.015000000000000003,0.0066
3,4,e,0.0,0.010099999999999998,0.0124,0.0099,0.00985,0.0079
4,5,e,0.0,0.005549999999999999,0.010699999999999998,0.007250000000000001,0.00835,0.003400000000000001
5,6,e,0.0,0.0039,0.00955,0.005300000000000001,0.012300000000000002,0.0111
6,7,e,0.0,0.005300000000000001,0.006499999999999999,0.006700000000000001,0.013750000000000002,0.01025
7,8,e,0.0,0.11150000000000003,0.07865,1.43265,0.38625,0.38025
8,9,e,0.0,0.2021,0.1808,0.95465,0.4874500000000001,2.2854
9,10,e,0.0,0.5611499999999999,0.853,0.07064999999999999,0.1332,1.11395
10,11,e,0.0,1.1859000000000002,1.70935,0.8654499999999999,0.72195,0.96345
11,12,e,0.0,0.49585,0.8139,0.1299,0.1013,0.119
12,13,e,0.0,1.05435,1.98815,0.3627,0.5579999999999999,1.12235
13,14,e,0.0,0.5842499999999999,0.8565999999999999,0.6309500000000001,0.9409,0.4174
14,15,e,0.0,0.37125,0.58805,0.0713,0.04249999999999999,0.13899999999999998
15,16,e,0.0,0.0348,0.03685,0.0189,0.0157,0.02745
16,17,e,0.0,0.027999999999999997,0.03265,0.007899999999999999,0.00825,0.0112
17,18,e,0.0,0.02825,0.03005,0.014900000000000004,0.01005,0.01625
18,19,e,0.0,0.016399999999999998,0.0202,0.01365,0.006600000000000001,0.013999999999999999
19,20,e,0.0,0.24625,0.4657,0.0726,0.1197,0.2164
20,21,e,0.0,0.7766,1.36825,0.29945000000000005,0.4884000000000001,0.8348000000000001
21,22,e,0.0,1.70285,1.3525500000000004,0.6382500000000001,0.73785,1.2258
22,23,e,0.0,1.3571,1.7090500000000002,0.7236499999999999,0.9655,0.5971000000000001
23,24,e,0.0,1.4056000000000002,1.7665499999999998,0.4058000000000001,0.7862499999999999,0.8952499999999999
24,25,e,0.0,1.1696000000000002,1.33605,0.24515,0.5429999999999999,0.51
25,26,e,0.0,0.7831,0.8793,0.215,0.6426000000000001,0.5389499999999999
26,27,e,0.0,0.6636000000000001,0.7387999999999999,0.29975,0.6443,0.53765
27,30,b,0.0,1.52335,1.43115,0.30500000000000005,0.5998999999999999,0.6264000000000002
28,32,a,0.0,1.2410500000000002,2.12335,0.28350000000000003,0.40725,0.4864
29,33,a,0.0,1.6845,1.3645,0.22565,0.5361,0.5571999999999999
30,34,a,0.0,1.07305,1.7087,0.20690000000000006,0.30665,0.3988
31,35,a,0.0,1.05675,1.021,0.23995,0.51155,0.49305
32,36,a,0.0,0.9300000000000002,1.31225,0.24425,0.39305,0.59235
33,37,a,0.0,1.094,1.56685,0.26670000000000005,0.6265499999999999,0.6166999999999999
34,38,a,0.0,1.1316,1.4189999999999998,0.2224,0.3301,0.5064
35,39,a,0.0,1.5711499999999998,1.1862,0.28825,0.4731000000000001,0.66835
36,40,a,0.0,1.0042,0.979,0.35015,0.5068499999999999,0.562
37,41,a,0.0,0.96805,1.4462999999999997,0.23355,0.5605999999999999,0.4365000000000001
38,42,a,0.0,1.23885,0.9749,0.1304,0.5332499999999999,0.3280500000000001
39,43,a,0.0,1.0288499999999998,1.12585,0.14669999999999994,0.57545,0.43315
40,44,a,0.0,1.4361500000000005,1.1202,0.17825000000000002,0.36555,0.4079
41,45,a,0.0,0.6734999999999999,0.5325,0.16104999999999994,0.7074,0.27975
42,46,a,0.0,0.5617,1.35395,1.53995,0.4522000000000001,1.1084499999999995
43,47,a,0.0,0.40925,2.3242000000000003,0.43225,1.1718,0.27990000000000004
44,48,a,0.0,0.2941,0.4638500000000001,0.15215,0.5607,0.7937000000000001
45,49,a,0.0,0.1923,0.23805,0.08735000000000001,0.16785,0.22375
46,50,a,0.0,0.1947,0.3671,0.0892,0.26145,0.24855
47,51,a,0.0,0.1618,0.2119,0.051900000000000016,0.08935,0.22445
48,52,a,0.0,0.2017,0.2484,0.05515000000000001,0.18935,0.28675
49,53,a,0.0,0.1851,0.28884999999999994,0.038050000000000014,0.1531,0.27555
50,54,a,0.0,0.23535,0.3914500000000001,0.03855,0.1674,0.27285000000000004
51,55,a,0.0,0.24605,0.3233,0.06765,0.23485,0.2715
52,56,a,0.0,0.19255,0.4057,0.045749999999999985,0.2408,0.35929999999999995
53,57,a,0.0,0.1922,0.4496,0.05385,0.23245,0.32295
54,58,a,0.0,0.19485,0.3083500000000001,0.0335,0.12969999999999998,0.2978
55,59,a,0.0,0.1815,0.5056,0.0621,0.281,0.3054000000000001
56,60,a,0.0,0.20375,0.3434,0.053,0.2082,0.3526
57,61,a,0.0,0.21905,0.39025,0.0475,0.25460000000000005,0.3158
58,62,a,0.0,0.19230000000000005,0.33065000000000005,0.04425,0.16315000000000002,0.29235
59,63,a,0.0,0.1826,0.2797,0.033900000000000007,0.1151,0.3439
60,64,a,0.0,0.1583,0.23475,0.0301,0.12395,0.3102
61,65,a,0.0,0.33214999999999995,0.45715,0.03785,0.2637,0.3304
62,66,a,0.0,3.4525,0.8507000000000001,0.0659,0.6881999999999999,0.84705
63,67,a,0.0,1.5386,1.7595500000000002,0.98785,1.2481,1.3017
64,68,a,0.0,1.18015,1.0451,0.3255,0.66005,0.7838499999999999
65,69,a,0.0,1.50525,2.3317,0.10670000000000003,0.4899,0.7279
66,70,a,0.0,1.1895999999999998,1.0598499999999995,0.09025,0.4344000000000001,0.55085
67,71,a,0.0,0.7171,1.1555,0.0877,0.4532,0.6388
68,72,a,0.0,1.43005,1.40135,0.09645,0.3682,0.7363
69,73,a,0.0,0.97935,1.6999999999999995,0.0789,0.6612499999999999,0.6599999999999999
70,74,a,0.0,1.04595,1.6344,0.1071,0.55515,0.77525
71,75,a,0.0,0.3164,2.3263000000000007,0.1025,0.26605,0.85455
72,76,a,0.0,0.2324500000000001,0.10235,0.32755,0.5910000000000001,1.8957
73,77,a,0.0,0.07415000000000001,0.0278,0.16550000000000006,0.5229,0.98745
74,78,a,0.0,0.1237,0.06330000000000001,0.1148,0.5013000000000001,2.2471
75,79,a,0.0,0.06755000000000001,0.0211,0.06924999999999999,0.20715,0.96805
76,80,a,0.0,0.06425,0.03305,0.1142,0.26905,1.29315
77,81,a,0.0,0.05465,0.031299999999999994,0.07510000000000001,0.33465,0.61005
78,82,a,0.0,0.05155000000000001,0.0226,0.05545,0.22225,0.54915
79,83,a,0.0,0.03535,0.021,0.04035,0.0626,0.8167999999999999
80,84,a,0.0,0.03265,0.01855,0.0578,0.04195,0.7162999999999999
81,85,a,0.0,0.035,0.02225,0.10245,0.09935,1.4561000000000002
82,86,a,0.0,0.08560000000000001,0.04345,0.07015,0.1101,0.98265
83,87,a,0.0,0.0498,0.023600000000000003,0.07219999999999999,0.10109999999999998,1.5150000000000003
84,88,a,0.0,0.046199999999999984,0.03535,0.04765,0.19925,1.3081999999999998
85,89,a,0.0,1.5852499999999996,1.0575,0.337,0.225,0.9929
86,90,a,0.0,1.6305,2.67095,0.33030000000000004,4.18365,1.3673499999999998
87,91,a,0.0,4.56255,0.6631,1.3965,1.28845,4.36575
88,92,a,0.0,0.6495500000000001,0.37235,0.67995,0.4104,1.2793
89,93,a,0.0,0.6730999999999999,0.4540500000000001,0.6363999999999999,0.3388,1.4920999999999998
90,94,a,0.0,0.5493000000000001,0.4579,0.449,0.43835,1.1316
91,96,b,0.0,0.6156999999999999,0.50905,0.59775,0.3444,1.01615
92,97,b,0.0,0.3286,0.36515,0.6029,0.5528500000000001,0.8071
93,98,b,0.0,0.33120000000000005,0.38915,0.5569999999999999,0.31895,0.95025
94,99,b,0.0,0.3725000000000001,0.48595,0.6541,0.26180000000000003,0.9096500000000002
95,100,b,0.0,0.4626,0.3836999999999999,0.46925,0.2746,0.6452500000000001
96,101,b,0.0,0.5277000000000001,0.4257,0.4738,0.3197,0.7640000000000001
97,102,b,0.0,0.3767999999999999,0.39185,0.31509999999999994,0.24905,0.82635
98,103,b,0.0,0.54725,0.33475,0.6194000000000001,0.2498,2.70405
99,104,b,0.0,0.6081000000000001,1.45625,0.80095,0.4323,1.67465
100,105,b,0.0,0.15244999999999995,0.09095,0.2066,0.4824,2.0949000000000004
101,106,b,0.0,0.048000000000000015,0.017249999999999998,0.11485,0.29145,0.85565
102,107,b,0.0,0.0569,0.01875,0.02655,0.11890000000000005,1.1481
103,108,b,0.0,0.04615,0.026400000000000003,0.22285,0.50915,0.96115
104,110,a,0.0,0.04395,0.022500000000000003,0.12595,0.0955,0.9326
105,111,a,0.0,0.2046,0.07105,0.5528000000000001,0.1528,3.82795
106,112,a,0.0,0.09270000000000002,0.04205,0.33815,3.2679,0.27630000000000005
107,113,a,0.0,0.12175,0.0793,0.2659,5.6035,0.3865000000000001
108,114,a,0.0,0.06205,0.05595,0.17259999999999998,5.546899999999999,0.1051
109,115,a,0.0,0.05765,0.06334999999999999,0.1181,4.9032,0.13465
110,116,a,0.0,0.053549999999999986,0.0475,0.0833,3.84825,0.09095
111,117,a,0.0,0.07645,0.06565,0.09,5.4902,0.14375000000000002
112,118,a,0.0,0.061,0.05535,0.0684,5.4807000000000015,0.0976
113,119,a,0.0,0.04945,0.058149999999999986,0.051400000000000015,3.81565,0.11495
114,120,a,0.0,0.0438,0.0475,0.037300000000000014,4.0808,0.049100000000000005
115,121,a,0.0,0.062499999999999986,0.0648,0.09095,4.8781500000000015,0.0924
116,122,a,0.0,0.04765,0.04735,0.0818,4.6288,0.04255
117,123,a,0.0,0.05285,0.04635,0.08745,3.81265,0.08105000000000001
118,125,b,0.0,0.11110000000000002,0.06640000000000001,4.88545,1.60485,0.12855
119,126,b,0.0,0.13025,0.0654,6.1492,0.07295,0.0594
120,127,b,0.0,0.07275000000000001,0.0548,2.44845,0.10175,0.11435
121,128,b,0.0,0.0433,0.0412,3.0107500000000003,0.11225,0.0611
122,129,b,0.0,0.048850000000000005,0.0324,4.924849999999998,0.1559,0.09675
123,130,b,0.0,0.07680000000000001,0.05875,6.0062000000000015,0.1043,0.0646
124,131,b,0.0,0.051050000000000005,0.04909999999999999,0.09120000000000003,0.0437,0.036000000000000004
125,133,c,0.0,0.0056500000000000005,0.006300000000000001,0.00745,0.007599999999999998,0.0049
126,134,c,0.0,0.0078,0.0031499999999999987,0.00605,0.00915,0.006199999999999998
127,135,c,0.0,0.0043,0.004400000000000001,0.004,0.009350000000000002,0.00375
128,136,c,0.0,0.004149999999999999,0.005200000000000001,0.00595,0.006750000000000001,0.006449999999999999
129,137,c,0.0,0.004999999999999999,0.00435,0.006049999999999999,0.007300000000000002,0.00985
130,138,c,0.0,0.005699999999999999,0.003100000000000001,0.004999999999999999,0.00595,0.00825
131,139,c,0.0,0.00575,0.00425,0.007399999999999999,0.0073500000000000015,0.00465
132,140,c,0.0,0.0039,0.00355,0.0106,0.00735,0.0066
133,141,c,0.0,0.0044500000000000026,0.006100000000000003,0.005550000000000001,0.006,0.004
134,142,c,0.0,0.005100000000000002,0.004549999999999999,0.004550000000000002,0.006549999999999999,0.00435
135,143,c,0.0,0.00345,0.004299999999999997,0.00575,0.0042,0.00355
136,144,c,0.0,0.003200000000000001,0.004399999999999999,0.0036000000000000008,0.008350000000000002,0.006400000000000001
137,146,d,0.0,0.0029500000000000004,0.0102,0.0041,0.0079,0.00665
138,147,d,0.0,0.0058,0.013450000000000002,0.010250000000000002,0.01175,0.0072
139,148,d,0.0,0.0211,0.0121,1.0101,0.06720000000000001,0.062199999999999984
140,149,d,0.0,0.1034,0.051900000000000016,4.0672,0.1528,0.15669999999999998
141,151,e,0.0,0.06274999999999999,0.0487,3.48175,0.09895,0.03435
142,152,e,0.0,0.0482,0.055400000000000005,5.01985,0.1019,0.08745
143,153,e,0.0,0.05505,0.0343,1.5713,0.0741,0.07615000000000001
144,154,e,0.0,0.0737,0.06,5.6194000000000015,0.10975,0.1284
145,155,e,0.0,0.051,0.0254,0.9792,0.6886,0.12235
146,156,e,0.0,0.18745,0.1237,0.51805,4.7269999999999985,0.1527
147,157,e,0.0,0.1082,0.1154,0.1427,8.4943,0.11830000000000003
148,158,e,0.0,0.07894999999999999,0.0737,0.08574999999999999,5.1107,0.14975
149,159,e,0.0,0.1142,0.09115,0.1299,7.1823500000000005,0.24375
150,160,e,0.0,0.0977,0.0819,0.08334999999999998,6.36235,0.11120000000000002
151,161,e,0.0,0.0609,0.06165,0.0555,5.4785,0.11195
152,162,e,0.0,0.09625,0.07365,0.08760000000000001,4.4083999999999985,0.9222
153,163,e,0.0,0.08264999999999999,0.0458,0.1868,1.0224,0.67505
154,164,e,0.0,0.2437,0.0589,2.07785,0.19285,1.60055
155,165,e,0.0,0.1066,0.02715,0.17625,0.3673500000000001,1.2097
156,166,e,0.0,0.0484,0.012650000000000002,0.22215,0.2756,0.8563499999999998
157,167,e,0.0,0.025700000000000004,0.01095,0.08580000000000003,0.18615000000000004,0.8162
158,169,d,0.0,0.03475,0.018150000000000003,0.16419999999999996,0.17785,1.02815
159,170,d,0.0,0.028200000000000006,0.014650000000000003,0.17105,0.14684999999999998,1.34175
160,171,d,0.0,0.02005,0.010350000000000002,0.10755,0.13505,0.7111
161,172,d,0.0,0.0206,0.008349999999999998,0.0901,0.09545,0.6623999999999999
162,173,d,0.0,0.026599999999999995,0.00945,0.09025,0.15304999999999996,0.57985
163,174,d,0.0,0.03055,0.02,0.1547,0.1884,1.1559
164,176,c,0.0,0.03375,0.0153,0.07750000000000001,0.11065,0.6982999999999999
165,177,c,0.0,0.022200000000000004,0.0145,0.12045,0.14959999999999998,0.8962000000000001
166,178,c,0.0,0.0271,0.0217,0.12075,0.16640000000000002,0.8664500000000002
167,179,c,0.0,0.0345,0.011899999999999996,0.11575,0.12545,0.6953
168,180,c,0.0,0.0148,0.01305,0.11625,0.19835,0.89375
169,181,c,0.0,0.0264,0.0137,0.10815,0.11515,0.6355500000000001
170,183,b,0.0,0.0271,0.012299999999999998,0.1016,0.11275,0.6845499999999999
171,184,b,0.0,0.017050000000000003,0.0101,0.10065,0.1398,0.6784499999999999
172,185,b,0.0,0.02075,0.01245,0.1086,0.09295,0.63235
173,186,b,0.0,0.02775,0.00785,0.1137,0.11555,0.6630999999999999
174,187,b,0.0,0.0211,0.01425,0.18105,0.1149,0.64585
175,188,b,0.0,0.0354,0.021600000000000005,0.1873,0.2869,0.66645
176,189,b,0.0,0.09145,0.0437,0.3828999999999999,0.21899999999999997,0.8775499999999999
177,190,b,0.0,0.31545,0.09145,0.09625,0.16824999999999998,3.1345000000000005
178,191,b,0.0,1.6223999999999998,1.83235,0.0703,0.1276,1.7822
179,192,b,0.0,1.92085,1.02735,0.06225,0.6594500000000001,1.35075
180,193,b,0.0,3.2511499999999995,0.81755,0.6986500000000001,0.7872499999999999,1.65135
181,194,b,0.0,1.49915,1.6456499999999998,0.18245,0.6291,0.88575
182,195,b,0.0,1.77665,1.0860500000000002,0.249,0.5972999999999999,1.2288499999999998
183,196,b,0.0,1.65765,1.2206,0.12425,0.22355000000000005,0.21065
184,197,b,0.0,1.3177499999999998,1.6769999999999998,0.21655,0.28855,0.6475
185,198,b,0.0,1.9873,1.5910999999999995,0.16924999999999998,0.3992,0.5162000000000001
186,199,b,0.0,2.5969,1.1878,0.15445000000000006,0.6333,0.639
187,200,b,0.0,1.28485,0.9937,0.1232,0.30400000000000005,0.7152499999999999
188,201,b,0.0,2.0053,1.3714000000000002,0.1796,0.3344,0.98945
189,202,b,0.0,1.9331500000000004,1.9049,0.3489,0.4721,0.7588
190,203,b,0.0,1.8783,1.4901999999999995,0.23395,0.6194,0.6515
191,204,b,0.0,1.5861500000000002,1.3019,0.26525,0.5179,0.4684499999999999
192,205,b,0.0,1.6929500000000002,1.12805,0.2006,0.4987999999999999,0.63815
193,206,b,0.0,1.7668499999999998,1.2785999999999995,0.20745,0.3451,0.6952499999999999
194,207,b,0.0,1.8492,1.5065499999999998,0.2544,0.33230000000000004,0.6291000000000001
195,208,b,0.0,2.38585,1.3320999999999996,0.30805,0.32245,0.6384000000000001
196,209,b,0.0,1.21975,1.0075,0.17605000000000004,0.1869,0.71495
197,210,b,0.0,1.4713500000000002,1.1957,0.12725,0.29775,0.37165
198,212,a,0.0,1.0358500000000002,0.99945,0.12755,0.41595,0.41775
199,213,a,0.0,1.6508,1.7220000000000002,0.1529,0.38535,0.7279500000000001
200,214,a,0.0,2.0842,1.3706,0.0998,0.20235,0.65055
201,215,a,0.0,1.67515,1.10115,0.37715,0.3613,0.94335
202,216,a,0.0,1.2666,1.14135,0.08195,0.3426,0.3974499999999999
203,217,a,0.0,1.257,1.03025,0.15205,0.3457,0.60325
204,218,a,0.0,1.17375,1.0137,0.12155000000000002,0.17364999999999994,0.32559999999999995
205,219,a,0.0,1.6125,1.3469000000000002,0.19835,0.2346,0.4380000000000001
206,220,a,0.0,1.3618,1.1331,0.16430000000000006,0.2748,0.65435
207,221,a,0.0,1.3507,0.9592000000000002,0.25815,0.26795,0.6486999999999999
208,222,a,0.0,1.4244499999999998,1.2287,0.0867,0.3106,0.4146
209,223,a,0.0,1.5107,1.13685,0.14295,0.21625000000000005,0.3829
210,224,a,0.0,1.5239,1.2397,0.13315,0.1707,0.6047
211,225,a,0.0,1.8438499999999995,1.38065,0.1147,0.24675,0.6164
212,226,a,0.0,1.47645,1.2826,0.11965,0.3164500000000001,0.5354999999999999
213,227,a,0.0,1.0511,0.9533,0.15165,0.2014,0.57315
214,228,a,0.0,1.2111499999999995,1.92685,0.204,0.3978,0.8784500000000001
215,229,a,0.0,0.0721,0.0767,0.1589,0.6591,2.26105
216,230,a,0.0,0.025,0.013850000000000005,0.1087,0.20930000000000004,1.4896
217,231,a,0.0,0.01305,0.00635,0.08245,0.21070000000000005,1.3269000000000002
218,232,a,0.0,0.016550000000000002,0.00835,0.0737,0.1949,1.5124000000000002
219,233,a,0.0,0.0306,0.01155,0.1084,0.14899999999999994,1.32925
220,234,a,0.0,0.02655,0.0167,0.0845,0.27005,1.2932
221,235,a,0.0,0.0324,0.00965,0.0861,0.22040000000000004,1.1395499999999998
222,236,a,0.0,0.023899999999999998,0.008399999999999998,0.08580000000000003,0.24410000000000004,1.14655
223,237,a,0.0,0.016,0.0078,0.13699999999999998,0.20835000000000006,1.7064500000000002
224,238,a,0.0,0.035600000000000014,0.015799999999999998,0.2377,0.25705,1.0453
225,239,a,0.0,0.1079,0.05845,0.31085,0.3174499999999999,2.1124500000000004
226,240,a,0.0,0.14494999999999994,0.07770000000000002,0.25895,5.25975,0.156
227,241,a,0.0,0.0645,0.0624,0.06509999999999999,3.2658500000000004,0.08445
228,242,a,0.0,0.10665,0.09345,0.1059,8.068249999999999,0.14245000000000002
229,243,a,0.0,0.09900000000000002,0.09105000000000002,0.04995,6.5508000000000015,0.0929
230,244,a,0.0,0.0549,0.061049999999999986,0.03845,5.63095,0.061749999999999985
231,245,a,0.0,0.09004999999999999,0.0804,0.0648,5.76365,0.10075
232,246,a,0.0,0.0667,0.07120000000000001,0.041000000000000016,5.9505,0.0908
233,247,a,0.0,0.051850000000000014,0.0459,0.0344,4.3439,0.057399999999999986
234,249,b,0.0,0.05675,0.052550000000000006,0.04055,4.6705999999999985,0.05875
235,250,b,0.0,0.05105,0.053749999999999985,0.045,4.470750000000002,0.0584
236,251,b,0.0,0.03775,0.04,0.04695,3.73175,0.043050000000000005
237,252,b,0.0,0.05895,0.0636,0.04994999999999999,5.7808,0.06405
238,253,b,0.0,0.0746,0.06680000000000001,0.04725,6.344799999999998,0.0838
239,254,b,0.0,0.07270000000000001,0.07919999999999999,0.052350000000000015,5.65765,0.08375000000000002
240,255,b,0.0,0.046750000000000014,0.045950000000000005,0.05415,5.222149999999999,0.07725000000000001
241,256,b,0.0,0.05295,0.0596,0.046050000000000015,6.0089,0.07934999999999999
242,257,b,0.0,0.08035,0.07874999999999999,0.0572,6.1562,0.08005
243,258,b,0.0,0.07045,0.06699999999999999,0.0543,5.5322,0.061300000000000014
244,259,b,0.0,0.0633,0.05845,0.0414,5.1759,0.09095
245,261,c,0.0,0.12135,0.0969,0.046999999999999986,6.25335,0.13925
246,262,c,0.0,0.09655,0.0986,0.1012,6.52955,0.1447
247,263,c,0.0,0.0797,0.07075000000000001,0.0352,5.2975,0.0943
248,264,c,0.0,0.0691,0.06575,0.03765,5.719199999999999,0.0819
249,265,c,0.0,0.07880000000000001,0.07019999999999997,0.03205,5.071200000000001,0.07559999999999999
250,266,c,0.0,0.07675000000000001,0.06835000000000001,0.03615,5.78895,0.09025
251,267,c,0.0,0.06915,0.06989999999999999,0.0686,6.0002,0.0982
252,268,c,0.0,0.07755000000000001,0.07260000000000001,0.113,6.435650000000001,0.10195
253,269,c,0.0,0.11855,0.08614999999999999,1.3007000000000002,3.3905000000000003,0.1551
254,270,c,0.0,0.10365000000000002,0.08910000000000001,1.9492,0.33695,0.09645
255,271,c,0.0,0.07680000000000001,0.03065,2.6217,0.0945,0.06535
256,272,c,0.0,0.03245,0.02745,2.11065,0.06455,0.0593
257,273,c,0.0,0.03565,0.0381,1.8091,0.11125000000000003,0.0685
258,274,c,0.0,0.01595,0.016600000000000004,1.5381000000000002,0.06215,0.0459
259,275,c,0.0,0.02595,0.018000000000000002,1.5902,0.0263,0.0462
260,276,c,0.0,0.051,0.04275,3.14495,0.15125,0.0851
261,277,c,0.0,0.0418,0.0294,2.82365,0.06445000000000001,0.0437
262,278,c,0.0,0.02495,0.0197,2.04985,0.0739,0.0495
263,279,c,0.0,0.0224,0.0209,2.1664,0.0739,0.037049999999999986
264,280,c,0.0,0.020750000000000005,0.01735,2.1893,0.0888,0.031549999999999995
265,281,c,0.0,0.01865,0.0171,1.7671,0.04625,0.03955
266,282,c,0.0,0.0186,0.01545,1.54265,0.06520000000000001,0.02225
267,283,c,0.0,0.048,0.0445,5.892200000000001,0.2027,0.14889999999999998
268,284,c,0.0,0.04435,0.04125,0.29825,0.05025,0.07279999999999999
269,285,c,0.0,0.00905,0.0136,0.02385,0.017049999999999996,0.014199999999999997
270,286,c,0.0,0.008000000000000002,0.00995,0.0099,0.0091,0.00595
271,287,c,0.0,0.0052499999999999995,0.005849999999999999,0.008549999999999999,0.00355,0.0068000000000000005
272,288,c,0.0,0.0024,0.0028000000000000004,0.0022500000000000003,0.006700000000000001,0.0066500000000000005
273,289,c,0.0,0.00305,0.00355,0.00495,0.005200000000000002,0.00325
274,291,d,0.0,0.004,0.004350000000000001,0.0042,0.0043500000000000014,0.0029500000000000004
275,292,d,0.0,0.0033500000000000005,0.0017999999999999995,0.00365,0.00665,0.0063
276,293,d,0.0,0.00305,0.0031000000000000003,0.00175,0.005850000000000001,0.00385
277,294,d,0.0,0.004149999999999999,0.00405,0.0033000000000000013,0.0071,0.00435
278,295,d,0.0,0.005449999999999999,0.00935,0.0075499999999999986,0.0096,0.00715
279,296,d,0.0,0.00315,0.006699999999999999,0.0091,0.005549999999999999,0.00395
280,297,d,0.0,0.0043,0.005449999999999999,0.00525,0.007600000000000002,0.00485
281,298,d,0.0,0.0034,0.007649999999999999,0.006,0.0066500000000000005,0.005399999999999999
282,299,d,0.0,0.006149999999999999,0.0086,0.005399999999999999,0.008849999999999998,0.0049
283,300,d,0.0,0.0022,0.0025,0.0030999999999999995,0.0045,0.00685
284,301,d,0.0,0.0030999999999999995,0.00585,0.003599999999999999,0.006350000000000001,0.00865
285,302,d,0.0,0.0023,0.0064,0.00395,0.006050000000000002,0.005
286,304,e,0.0,0.0033500000000000005,0.0053,0.0033,0.00525,0.0078
287,305,e,0.0,0.05755,0.017499999999999998,0.02225,0.0382,0.10349999999999998
288,306,e,0.0,0.09165000000000002,0.04945,3.1198999999999995,0.17759999999999995,0.16575
289,307,e,0.0,0.06955,0.04400000000000001,2.18765,0.13165,0.12850000000000006
290,308,e,0.0,0.038999999999999986,0.04185,4.67335,0.12605,0.17905
291,309,e,0.0,0.04695,0.040900000000000006,1.0151500000000002,0.28890000000000005,0.2251
292,310,e,0.0,0.2104,0.17325,0.4912,6.51225,0.4602000000000001
293,311,e,0.0,0.1738,0.15435,0.07865,9.2883,0.2688499999999999
294,312,e,0.0,0.09845,0.07340000000000002,0.09035,8.844999999999997,0.09625
295,313,e,0.0,0.0955,0.064,0.091,3.82605,0.7288000000000001
296,314,e,0.0,0.11615,0.07020000000000001,0.18225,2.08285,0.50735
297,315,e,0.0,0.13699999999999998,0.0577,0.75095,0.2581,2.1040500000000004
298,316,e,0.0,0.12115,0.09225,0.14834999999999998,0.3654,1.99265
299,317,e,0.0,0.07955000000000002,0.05075,0.3749,0.3694,1.987
300,318,e,0.0,0.06285,0.0361,0.34419999999999995,0.25635,1.1241
301,319,e,0.0,0.0392,0.02055,0.25949999999999995,0.24145,0.79955
302,320,e,0.0,0.01945,0.021349999999999997,0.06075000000000001,0.23665,0.965
303,321,e,0.0,0.03845,0.0361,0.33045,0.17715,0.9862
304,322,e,0.0,2.8366,0.8663000000000001,0.46995,0.3622,0.9158500000000002
305,323,e,0.0,1.4406,1.68395,0.953,0.3632,1.33345
306,324,e,0.0,0.15705,0.7063,0.3744,0.2412,0.56015
307,326,d,0.0,0.24755,0.7409999999999999,0.4750500000000001,0.22910000000000005,0.8157000000000001
308,327,d,0.0,0.17705,0.2608,0.22910000000000005,0.24585,0.2630500000000001
309,328,d,0.0,0.1884,0.28615,0.18545,0.25895,0.38335
310,330,c,0.0,0.2295,0.6137,0.15515,0.1982,0.35240000000000005
311,331,c,0.0,0.1972,0.7111,0.1268,0.2938,0.3298
312,332,c,0.0,0.14145,0.4944,0.10545,0.1807,0.3851000000000001
313,334,b,0.0,0.21045,0.7882,0.16805000000000006,0.45795,0.6667500000000001
314,335,b,0.0,0.1807,0.6597500000000001,0.1861,0.3224,0.5842999999999998
315,336,b,0.0,0.20135000000000006,0.7031,0.1647,0.268,0.5701
316,337,b,0.0,0.1429,0.5608,0.17570000000000002,0.29965,0.4547
317,338,b,0.0,0.21569999999999995,0.7792499999999999,0.17045000000000002,0.23100000000000004,0.7847999999999999
318,339,b,0.0,0.1107,0.6741,0.30695,0.31425,0.53735
319,340,b,0.0,0.16165,0.58745,0.1223,0.31125,0.58485
320,341,b,0.0,0.23805,1.0649000000000002,0.1809,0.25565000000000004,0.42825
321,343,a,0.0,0.17035,0.6865,0.1161,0.3028,0.7219000000000001
322,344,a,0.0,0.19605000000000006,0.6562500000000001,0.12705000000000002,0.24885,0.5526500000000001
323,345,a,0.0,0.15215,0.74435,0.06695000000000001,0.365,0.54085
324,346,a,0.0,0.2061,0.6688,0.11865000000000002,0.23255000000000006,0.4879500000000001
325,347,a,0.0,0.2266,0.6946499999999999,0.09015,0.39105,0.56425
326,348,a,0.0,0.1899,0.7922,0.17325,0.4689500000000001,0.77015
327,349,a,0.0,0.19395,0.7033499999999999,0.09365,0.3008,0.62335
328,350,a,0.0,0.1614,0.7545000000000001,0.1004,0.26870000000000005,0.68245
329,351,a,0.0,0.15555,0.54785,0.09765,0.20545,0.446
330,352,a,0.0,0.18065,0.6721,0.12380000000000002,0.38805,0.4868499999999999
331,353,a,0.0,0.1387,0.8761000000000001,0.17775,0.20504999999999995,0.5458
332,354,a,0.0,2.14525,2.42355,0.28389999999999993,0.8266000000000001,1.938
333,355,a,0.0,2.92175,1.83065,0.15345,0.26575000000000004,0.96825
334,356,a,0.0,3.80925,0.2462,1.0347,0.6,1.97655
335,357,a,0.0,2.6553500000000003,0.15285,0.4133000000000001,0.25875,1.2224000000000002
336,358,a,0.0,1.983,0.17204999999999998,0.29865,0.3527,0.8315
337,359,a,0.0,1.32705,0.1546,0.2918,0.3289,0.7150500000000001
338,360,a,0.0,1.38885,0.1451,0.2924,0.3305,0.54105
339,361,a,0.0,1.195,0.1574,0.24675,0.3088,0.5289
340,362,a,0.0,1.1109,0.19055,0.22905,0.2796,0.5502
341,363,a,0.0,1.14885,0.1224,0.17815,0.2043,0.4456999999999999
342,364,a,0.0,0.9299,0.1819,0.15664999999999998,0.1104,0.48385
343,365,a,0.0,0.9708,0.1996,0.2936,0.2646000000000001,0.7579
344,366,a,0.0,1.2782000000000002,0.1895,0.31405,0.29085000000000005,0.8166500000000002
345,367,a,0.0,1.3152499999999998,0.23560000000000006,0.3693,0.3298499999999999,0.8630499999999999
346,368,a,0.0,0.9793,0.2373,0.33140000000000003,0.13575,0.5801
347,369,a,0.0,0.8675999999999999,0.19215000000000004,0.5951,0.08085,0.8582000000000001
348,370,a,0.0,1.4920999999999998,0.23755,0.3194,0.1437,1.0754
349,371,a,0.0,1.6079499999999998,0.25705,0.40515,0.11845,1.1040499999999998
350,372,a,0.0,1.08375,0.17605,0.33475,0.10499999999999997,0.93965
351,373,a,0.0,0.8541999999999998,0.1805,0.22100000000000006,0.11765,0.8516499999999999
352,374,a,0.0,1.0410499999999998,0.2002,0.29555000000000003,0.13645,1.00885
353,375,a,0.0,0.9982,0.21035,0.23735,0.11365,0.7698
354,376,a,0.0,0.88465,0.21825,0.2449,0.15389999999999998,1.0326
355,377,a,0.0,1.1384,0.23875,0.3252999999999999,0.10985,0.8826499999999999
356,378,a,0.0,1.13875,0.18675000000000005,0.24175,0.07815,0.90785
357,379,a,0.0,1.0596,0.16729999999999998,0.1966,0.12219999999999998,0.8976000000000001
358,380,a,0.0,1.1181,0.1882,0.2406,0.1156,0.8636499999999999
359,381,a,0.0,1.0115,0.17589999999999995,0.34055,0.1273,1.3636499999999998
360,382,a,0.0,1.03795,0.2791,0.4037500000000001,0.11865,1.1360499999999998
361,383,a,0.0,0.6788000000000001,0.19715,0.2176,0.09145,1.07445
362,384,a,0.0,1.7670999999999997,0.198,0.89915,0.0756,2.36265
363,385,a,0.0,2.5227500000000003,1.88005,0.9592,0.19275,0.38645
364,386,a,0.0,1.10945,2.074,0.18310000000000004,1.1925500000000002,1.5041999999999998
365,387,a,0.0,1.3128,1.4460000000000002,0.8469499999999999,0.6171,2.1438
366,388,a,0.0,1.7982,1.2057,0.4805500000000001,0.28495000000000004,0.6842499999999999
367,389,a,0.0,0.9814,0.9165,0.2541,0.3143,0.6065499999999999
368,390,a,0.0,0.8450499999999999,1.2085,0.23285000000000006,0.183,0.4583
369,391,a,0.0,1.0568,1.6567,0.31749999999999995,0.2957,0.63925
370,392,a,0.0,1.2009,1.0912499999999998,0.21775,0.19455,0.3625
371,393,a,0.0,1.4548,1.79275,1.03905,1.25855,1.599
372,394,a,0.0,1.7591,5.536949999999999,0.24260000000000004,0.30334999999999995,0.72885
373,395,a,0.0,1.035,1.2315,0.2862,0.27125000000000005,0.30855
374,396,a,0.0,1.2394500000000002,1.49825,0.2021,0.2009,0.38955
375,397,a,0.0,1.1700500000000005,0.97945,0.17145,0.23025000000000004,0.5696
376,398,a,0.0,1.06565,1.0611,0.17245000000000002,0.2814,0.44795
377,399,a,0.0,1.1345,1.266,0.14195000000000002,0.28285000000000005,0.5105500000000001
378,400,a,0.0,1.1539,1.95715,0.1909,0.305,0.6464000000000001
379,401,a,0.0,1.3773000000000002,1.93625,0.2561,0.3503,0.6948999999999999
380,402,a,0.0,1.1599499999999998,1.1806499999999998,0.11900000000000001,0.21435,0.469
381,403,a,0.0,0.99875,1.2161,0.1889,0.26895,0.368
382,404,a,0.0,0.64595,0.95865,0.34195,0.25145,0.57545
383,405,a,0.0,0.9045,4.670799999999999,6.1179000000000014,0.7838,1.2628
384,406,a,0.0,0.6349499999999999,3.4801,0.6553,0.8073499999999999,1.99785
385,407,a,0.0,0.18065000000000006,0.48555,0.2895500000000001,0.2998000000000001,0.87215
386,408,a,0.0,0.1903,0.27755,0.14270000000000002,0.39985,1.0535
387,409,a,0.0,0.13900000000000004,0.335,0.16485000000000002,0.5378999999999999,0.94385
388,410,a,0.0,0.15745,0.21435,0.07875,0.30315,0.9744
389,411,a,0.0,0.14845000000000005,0.24895,0.0434,0.3083,0.8440000000000001
390,412,a,0.0,0.1877,0.3222,0.05625,0.46385,1.2775
391,413,a,0.0,0.14745,0.3462000000000001,0.03865,0.31185,0.82375
392,414,a,0.0,0.18510000000000004,0.45455,0.05335,0.3705,1.15095
393,415,a,0.0,0.14975,0.19235,0.05255,0.56255,0.96095
394,416,a,0.0,0.20795,0.4565,0.02545,0.3663500000000001,0.8568
395,417,a,0.0,0.19805,0.499,0.043300000000000005,0.3693,0.8757999999999999
396,418,a,0.0,0.20455,0.37365,0.04125,0.35600000000000004,0.9358
397,419,a,0.0,0.1844,0.40575,0.0644,0.3966,0.97495
398,420,a,0.0,0.1697,0.3478,0.0436,0.22075,0.9969499999999998
399,421,a,0.0,0.1466,0.2502,0.026000000000000002,0.44625,0.7173999999999999
400,422,a,0.0,0.1842,0.2794,0.0358,0.4278,0.7977
401,423,a,0.0,0.21785,1.0347499999999998,0.19095000000000004,0.93865,1.7109999999999999
402,424,a,0.0,1.4203499999999996,4.7891,0.09925,1.1048,1.79415
403,427,a,0.0,0.43555,0.07715,0.3685999999999999,0.3883,1.55125
404,428,a,0.0,0.07745,0.02760000000000001,0.28865,0.23675,1.2998
405,429,a,0.0,0.039950000000000006,0.0068000000000000005,0.25730000000000003,0.25015,1.0119
406,430,a,0.0,0.02635,0.00915,0.2322,0.23445,1.1522500000000002
407,431,a,0.0,0.01565,0.008,0.1788,0.2168,0.6184000000000001
408,432,a,0.0,0.0198,0.011749999999999998,0.1523,0.12444999999999998,0.92665
409,433,a,0.0,0.02715,0.0075000000000000015,0.26915,0.25425,0.9463
410,434,a,0.0,0.0187,0.0066,0.19305,0.1667,0.7870999999999999
411,435,a,0.0,0.03485,0.01675,0.1432,0.17635000000000006,1.0224
412,436,a,0.0,0.02605,0.0073500000000000015,0.15654999999999994,0.17884999999999998,0.8129500000000001
413,437,a,0.0,0.04755,0.0221,0.24175,0.2613,1.2149
414,438,a,0.0,0.09395,0.06970000000000001,0.19585,1.4927,0.6436499999999999
415,439,a,0.0,0.0407,0.023650000000000004,0.09585,1.5361,0.28045
416,440,a,0.0,0.09940000000000003,0.05045,0.3235,4.6463,0.21600000000000003
417,441,a,0.0,0.149,0.0962,0.4767,7.3707,0.262
418,442,a,0.0,0.07039999999999999,0.05575,0.0786,6.701550000000001,0.08920000000000003
419,443,a,0.0,0.08969999999999999,0.0741,0.1543,5.8859,0.08985000000000001
420,444,a,0.0,0.07245,0.05825,0.08800000000000001,5.7464,0.0919
421,446,b,0.0,0.0917,0.09275,0.08885,6.650950000000003,0.1027
422,447,b,0.0,0.07745,0.07355,0.06605,5.35335,0.0942
423,448,b,0.0,0.0102,0.017249999999999998,0.030099999999999995,2.3249500000000003,0.03175
424,449,b,0.0,0.06424999999999999,0.05634999999999999,0.23395,5.7892,0.11055
425,450,b,0.0,0.1045,0.067,2.0709999999999997,0.98485,0.06425
426,451,b,0.0,0.05305,0.05484999999999999,4.959949999999999,0.1088,0.0707
427,452,b,0.0,0.0839,0.0561,1.8263,0.0958,0.0589
428,453,b,0.0,0.05025,0.0592,6.0004,0.17355,0.16415000000000002
429,454,b,0.0,0.05880000000000001,0.033,2.6535500000000005,0.0829,0.062250000000000014
430,455,b,0.0,0.05205,0.02315,2.5941,0.0921,0.0369
431,456,b,0.0,0.03815,0.026500000000000003,2.1388,0.09635,0.0517
432,457,b,0.0,0.041500000000000016,0.020000000000000004,1.7771500000000002,0.0495,0.04815
433,459,c,0.0,0.0283,0.01835,1.7720000000000002,0.0789,0.0323
434,460,c,0.0,0.027999999999999997,0.02565,1.79015,0.08055000000000001,0.0389
435,461,c,0.0,0.037549999999999986,0.0128,1.52365,0.0651,0.0371
436,462,c,0.0,0.027000000000000003,0.02505,1.9417,0.07715,0.0381
437,463,c,0.0,0.08249999999999999,0.06089999999999999,2.4428,0.1349,0.09615
438,464,c,0.0,0.04165,0.03305,0.02385,0.0165,0.0212
439,465,c,0.0,0.014400000000000003,0.010600000000000002,0.0169,0.0087,0.00645
440,466,c,0.0,0.00445,0.0087,0.009249999999999998,0.0054,0.0029500000000000004
441,467,c,0.0,0.0054,0.0083,0.0246,0.006600000000000001,0.00445
442,468,c,0.0,0.006849999999999999,0.0030000000000000014,0.00655,0.0048,0.0042
443,470,d,0.0,0.002,0.0037000000000000006,0.00275,0.00385,0.0067
444,471,d,0.0,0.00365,0.0025,0.00365,0.0039,0.00555
445,472,d,0.0,0.00285,0.006899999999999997,0.00425,0.00355,0.00515
446,473,d,0.0,0.00365,0.004399999999999999,0.0034,0.0062499999999999995,0.00635
447,474,d,0.0,0.00265,0.006850000000000001,0.0043500000000000014,0.0061,0.007299999999999998
448,475,d,0.0,0.00345,0.005699999999999999,0.0032,0.00595,0.0064
449,476,d,0.0,0.0019,0.0041,0.0040500000000000015,0.0062499999999999995,0.006049999999999999
450,477,d,0.0,0.0045,0.007049999999999998,0.003,0.006699999999999999,0.00575
451,478,d,0.0,0.0032500000000000003,0.0019999999999999987,0.0019499999999999997,0.004849999999999999,0.004550000000000001
452,479,d,0.0,0.003650000000000001,0.0052,0.00425,0.00535,0.0047
453,480,d,0.0,0.00415,0.0021,0.004749999999999999,0.003349999999999999,0.00555
454,481,d,0.0,0.00345,0.0037,0.0033,0.0034999999999999988,0.0032
455,482,d,0.0,0.0034500000000000004,0.00335,0.00265,0.0064,0.0052
456,484,e,0.0,0.004600000000000001,0.004450000000000001,0.0039000000000000007,0.0055,0.006
457,485,e,0.0,0.0039,0.0035,0.004050000000000001,0.0037500000000000007,0.003799999999999999
458,486,e,0.0,0.0048,0.00655,0.0039000000000000007,0.005300000000000001,0.00305
459,487,e,0.0,0.0036000000000000008,0.00845,0.0044,0.0086,0.005750000000000001
460,488,e,0.0,0.005200000000000001,0.010299999999999998,0.008000000000000002,0.0107,0.0088
461,489,e,0.0,0.055650000000000005,0.0327,0.52295,0.08755,0.08245
462,490,e,0.0,0.04705,0.043800000000000006,2.47875,0.1034,0.061749999999999985
463,491,e,0.0,0.0534,0.0451,3.423,0.14695,0.10085
464,492,e,0.0,0.0483,0.0568,3.40255,0.1501,0.1543
465,493,e,0.0,0.05515000000000001,0.019,1.6807499999999995,0.3817,0.14255
466,494,e,0.0,0.0726,0.06220000000000001,0.54185,3.766000000000001,0.6519
467,495,e,0.0,0.0851,0.06210000000000001,0.1812,4.56135,0.38345
468,496,e,0.0,0.08205000000000001,0.08085,0.16160000000000002,4.2048,0.978
469,497,e,0.0,0.17989999999999998,0.11955,0.18955,5.777899999999999,0.62225
470,498,e,0.0,0.09515,0.06195,0.2971,0.9951,2.87325
471,499,e,0.0,0.0657,0.09579999999999997,0.121,0.1396,3.7464
472,500,e,0.0,0.07934999999999999,0.0432,0.06639999999999999,0.16505,2.6041
473,501,e,0.0,2.6769,1.64815,0.2517,0.5236999999999999,1.2387
474,502,e,0.0,1.7169,0.8185,0.4512000000000001,1.01985,1.2405
475,503,e,0.0,2.5809999999999995,1.7428500000000002,0.4824,0.4494,0.9110499999999998
476,504,e,0.0,1.659,1.0234,0.1224,0.5184000000000001,0.83505
477,505,e,0.0,1.3632,0.96625,0.10585,0.32230000000000003,0.48385
478,506,e,0.0,1.9667,2.0038000000000005,0.0854,0.38015,1.10665
479,507,e,0.0,2.1291,1.98115,0.2009,0.4881,1.0325000000000002
480,509,d,0.0,1.7661000000000002,1.4339499999999998,0.11319999999999998,0.36225,0.6220999999999999
481,510,d,0.0,2.54235,1.27155,0.14925,0.4612,0.78665
482,511,d,0.0,1.76805,1.0176,0.10395,0.2913000000000001,0.5634
483,513,c,0.0,1.6277000000000004,1.2667499999999998,0.1241,0.47365,0.7347500000000001
484,514,c,0.0,2.0859,1.5887999999999998,0.0823,0.48805,0.56795
485,515,c,0.0,2.2159,1.3534000000000002,0.10785,0.4738500000000001,0.33365
486,516,c,0.0,2.2032,1.4525,0.08035,0.45585,0.66005
487,518,b,0.0,1.5453,0.9358500000000002,0.1216,0.36095,0.51
488,519,b,0.0,2.10005,1.11155,0.1993,0.47265,1.3473
489,521,a,0.0,0.0221,0.012450000000000004,0.1134,0.28245,1.6908
490,522,a,0.0,0.021100000000000004,0.01125,0.08400000000000002,0.30060000000000003,1.0549
491,523,a,0.0,0.01475,0.0095,0.0838,0.20745,1.42175
492,524,a,0.0,0.027800000000000002,0.013499999999999998,0.06280000000000001,0.37685,1.1198
493,525,a,0.0,0.12155000000000002,0.13670000000000004,0.37885,4.5009500000000005,2.7078
494,526,a,0.0,0.10290000000000002,0.07565000000000001,0.14980000000000002,6.555,0.0935
495,527,a,0.0,0.0806,0.08995000000000003,0.15369999999999998,7.536750000000001,0.1013
496,528,a,0.0,0.04475,0.0492,0.053000000000000005,5.1346500000000015,0.060800000000000014
497,529,a,0.0,0.0692,0.06445,0.057,6.13645,0.08425000000000002
498,530,a,0.0,0.06395,0.06670000000000001,0.07805,7.03905,0.10845
499,531,a,0.0,0.042,0.051300000000000005,0.04830000000000001,5.855950000000001,0.05980000000000001
500,532,a,0.0,0.0258,0.02905,0.0462,3.603450000000001,0.04225
501,533,a,0.0,0.08045,0.0667,0.08909999999999997,5.4089,0.13620000000000002
502,534,a,0.0,0.0813,0.06195000000000001,0.6818000000000001,1.5957,0.0967
503,535,a,0.0,0.025450000000000004,0.0243,1.5894,0.044750000000000005,0.03035
504,536,a,0.0,0.02035,0.0213,1.865,0.02075,0.03705
505,537,a,0.0,0.02985,0.0197,2.061,0.02225,0.018500000000000003
506,538,a,0.0,0.04780000000000001,0.0417,2.1129,0.07210000000000001,0.0631
507,540,b,0.0,0.10095,0.0834,0.3178,0.05950000000000001,0.09165
508,541,b,0.0,0.03205,0.0221,0.0188,0.0094,0.015200000000000003
509,542,b,0.0,0.010350000000000002,0.011849999999999996,0.006699999999999999,0.007949999999999999,0.0066
510,543,b,0.0,0.0049,0.0085,0.007299999999999998,0.007299999999999998,0.0036
511,545,c,0.0,0.0035500000000000006,0.00255,0.0039,0.008150000000000001,0.0042
512,546,c,0.0,0.0049,0.00425,0.0041,0.0026,0.00385
513,547,c,0.0,0.005050000000000001,0.0103,0.01065,0.0083,0.00365
514,548,c,0.0,0.00465,0.0092,0.00605,0.0104,0.005450000000000003
515,549,c,0.0,0.0864,0.04639999999999999,0.16874999999999998,0.0749,0.05135
516,550,c,0.0,0.13585,0.08349999999999999,0.4404,0.2008,0.33025
517,551,c,0.0,1.4495,0.1094,2.53785,0.14554999999999998,0.5681
518,552,c,0.0,1.17455,1.9848,0.4576,0.2211,0.77845
519,554,d,0.0,0.7696000000000001,0.9535,0.63485,0.2587,0.8851000000000001
520,555,d,0.0,1.03195,0.6326,0.4640500000000001,1.20825,0.92495
521,556,d,0.0,1.6074500000000005,0.72145,0.55285,1.17775,1.2597500000000004
522,557,d,0.0,2.2935000000000003,1.19,0.19270000000000004,0.394,0.60065
523,558,d,0.0,1.9454,1.20845,0.13724999999999998,0.17855,0.4772
524,560,e,0.0,1.89635,1.4354,0.14265,0.3165,0.6766
525,561,e,0.0,2.0462,1.24295,0.1718,0.46245,0.6365
526,562,e,0.0,1.3736500000000005,1.4047,0.1698,0.39685,0.75335
527,563,e,0.0,1.87285,1.2639999999999998,0.16045,0.4556,0.7335500000000001
528,564,e,0.0,1.9058,1.2273999999999998,0.13695000000000002,0.4039499999999999,0.74725
529,565,e,0.0,1.7593500000000002,1.20805,0.15375,0.38115,0.5097999999999999
530,566,e,0.0,1.4852999999999998,1.1512500000000003,0.14415,0.32775000000000004,0.5784500000000001
531,567,e,0.0,1.64535,1.2896,0.10215,0.3536,0.60905
532,568,e,0.0,1.2612,0.8756999999999999,0.0933,0.326,0.42185
533,570,b,0.0,1.58385,1.01625,0.12765,0.28279999999999994,0.62135
534,572,a,0.0,0.82775,0.5057,0.11389999999999995,0.2074,0.3096
535,573,a,0.0,1.10895,0.8576,0.09275,0.2395,0.376
536,574,a,0.0,1.0394500000000002,0.65515,0.09469999999999998,0.2055,0.23765000000000006
537,575,a,0.0,1.55815,1.0587,0.10339999999999998,0.1313,0.13545
538,576,a,0.0,1.29005,0.9676,0.09445,0.27345,0.3014
539,577,a,0.0,2.0926,1.0661,0.0812,0.21665,0.2506
540,578,a,0.0,2.22495,1.6207,0.09545,0.2155,0.31815
541,579,a,0.0,1.6997,1.2289,0.0955,0.2431,0.26925
542,580,a,0.0,1.92395,1.1409,0.0991,0.1843,0.57555
543,581,a,0.0,1.7063499999999996,0.99925,0.12569999999999998,0.2295,0.30935
544,582,a,0.0,1.4985500000000005,1.21895,0.0976,0.17699999999999996,0.2715
545,583,a,0.0,1.5943999999999998,1.0903999999999998,0.15555000000000002,0.2711,0.3831
546,584,a,0.0,1.4823,0.8306499999999999,0.10699999999999997,0.2121,0.3228
547,585,a,0.0,1.5319,1.01745,0.10289999999999998,0.228,0.3451
548,586,a,0.0,1.1474000000000002,0.92965,0.23655,0.43775,0.7725500000000001
549,587,a,0.0,2.2743,1.29685,0.33015000000000005,0.8291,1.33365
550,588,a,0.0,5.94495,0.6183500000000001,0.57255,0.60195,2.9549
551,589,a,0.0,1.48615,0.15785,0.7674999999999998,0.25395,2.2184
552,590,a,0.0,2.8807500000000004,0.1306,0.4761500000000001,0.1235,1.02115
553,591,a,0.0,0.55615,0.16675,0.48275,0.0888,0.4794000000000001
554,592,a,0.0,0.42875,0.1588,0.29535,0.04085,0.49985
555,593,a,0.0,0.53615,0.19585,0.56295,0.09885,0.6451
556,594,a,0.0,0.57525,0.19415000000000004,0.7189000000000001,0.1017,0.56315
557,595,a,0.0,0.50225,0.23735,0.5604,0.06205,0.69105
558,596,a,0.0,0.5043500000000001,0.2429,0.42945,0.0994,0.6506500000000001
559,597,a,0.0,0.4627999999999999,0.15625,0.5442499999999999,0.07250000000000001,0.6402000000000001
560,598,a,0.0,0.7243499999999998,0.21325,0.3355,0.0971,0.4954
561,599,a,0.0,0.4666,0.19905,0.4579499999999999,0.07915,0.5674999999999999
562,600,a,0.0,0.4345,0.18605,0.3633,0.07014999999999999,0.4951000000000001
563,601,a,0.0,0.71025,0.18175,0.49875,0.07184999999999997,0.55185
564,602,a,0.0,0.5334,0.2854,0.56855,0.0586,0.68705
565,603,a,0.0,0.5079,0.23405,0.39515,0.06844999999999997,0.6896000000000001
566,604,a,0.0,0.6629,0.2452,0.3527,0.0691,0.59825
567,605,a,0.0,0.63635,0.32475,0.4209999999999999,0.04885,0.7378
568,606,a,0.0,0.69445,0.25854999999999995,0.4525500000000001,0.0967,0.8153999999999999
569,607,a,0.0,0.6304500000000001,0.24925,0.34869999999999995,0.09205,0.85695
570,608,a,0.0,0.6440500000000001,0.31135,0.28090000000000004,0.0479,0.575
571,609,a,0.0,0.7454,0.29885,0.3859,0.10255000000000003,0.7309499999999999
572,610,a,0.0,0.5823,0.2337,0.4549,0.1266,0.63925
573,611,a,0.0,0.5021,0.25920000000000004,0.43945,0.08885000000000001,0.5009500000000001
574,612,a,0.0,0.45665,0.22525,0.5941,0.06720000000000001,0.64325
575,613,a,0.0,0.5621499999999999,0.2147,0.30865000000000004,0.0765,0.52
576,614,a,0.0,0.4667,0.3091,0.31705,0.0733,0.46299999999999997
577,615,a,0.0,0.4932000000000001,0.37635,0.5690999999999999,0.1041,0.6321500000000001
578,616,a,0.0,0.49365,0.3483,0.4455,0.07285000000000001,0.7896000000000001
579,617,a,0.0,0.54225,0.38365,0.26075000000000004,0.0735,0.7426499999999999
580,618,a,0.0,0.54495,0.35025,0.3746,0.10075000000000002,0.8040499999999999
581,619,a,0.0,0.43405,0.30765000000000003,0.3057,0.06735,0.40815
582,620,a,0.0,1.4078,1.82845,0.6668499999999998,0.2343,3.114
583,621,a,0.0,0.14734999999999998,1.97775,0.09205,0.15499999999999994,1.14285
584,622,a,0.0,0.16855,0.08435000000000001,0.55145,0.6457499999999998,3.4403500000000005
585,623,a,0.0,0.04055,0.0298,0.1902,0.44025,2.5432
586,624,a,0.0,0.02275,0.014300000000000004,0.17285,0.2609,1.7165500000000002
587,625,a,0.0,0.0305,0.01855,0.1291,0.2788,2.0044000000000004
588,626,a,0.0,0.02135,0.0115,0.1546,0.22965,1.25765
589,627,a,0.0,0.0172,0.0105,0.14165,0.2258,1.26215
590,628,a,0.0,0.024800000000000003,0.007999999999999998,0.1902,0.2023,1.3818
591,629,a,0.0,0.0222,0.010799999999999995,0.13185000000000002,0.22999999999999995,1.5585
592,630,a,0.0,0.029300000000000007,0.0198,0.1588,0.25335,1.2372
593,631,a,0.0,0.04365,0.014699999999999996,0.09709999999999998,0.29615,1.4221
594,632,a,0.0,0.030150000000000007,0.01565,0.0793,0.24845,1.4780000000000002
595,633,a,0.0,0.01675,0.0129,0.0764,0.1587,0.9758
596,634,a,0.0,0.027999999999999997,0.01305,0.0804,0.2431,0.8113
597,635,a,0.0,0.3033000000000001,1.61165,0.0977,0.16465000000000005,1.10725
598,636,a,0.0,1.04595,1.2761,0.19675,0.3220000000000001,0.4674499999999999
599,637,a,0.0,1.36415,1.1807000000000003,0.65075,0.4747,1.0511
600,638,a,0.0,0.9420000000000001,1.9538999999999995,0.2209,0.40945,0.6439499999999999
601,639,a,0.0,1.3087,1.7400999999999998,0.27525000000000005,0.25,1.0597500000000002
602,641,b,0.0,0.97205,1.10105,0.2123,0.30100000000000005,0.7899499999999999
603,642,b,0.0,0.6042500000000001,1.2670000000000001,0.23905000000000004,0.3552500000000001,0.6690499999999999
604,643,b,0.0,0.8251499999999999,1.0273,0.21185,0.2824,0.7352000000000001
605,644,b,0.0,0.9902,1.3300999999999998,0.20025,0.41355,0.6234000000000001
606,645,b,0.0,0.90865,1.06255,0.1895,0.3985500000000001,0.4828500000000001
607,646,b,0.0,0.73525,0.8105500000000001,0.1897,0.2283,0.4401
608,647,b,0.0,0.44465,0.80365,0.24755,0.2854,0.47895
609,648,b,0.0,0.93225,0.92415,0.13045,0.18455,0.2506
610,649,b,0.0,1.28045,2.22385,0.14445,0.25865,0.19245
611,650,b,0.0,0.9889,1.4841000000000002,0.14305,0.28545,0.54955
612,651,b,0.0,0.52015,0.6329,0.1786,0.3432000000000001,0.34315
613,652,b,0.0,1.01865,0.9391999999999998,0.12245000000000003,0.1542,0.2078
614,653,b,0.0,0.8896000000000001,1.2811,0.18920000000000006,0.24045,0.6165500000000002
615,655,a,0.0,0.23695,1.4265,0.8727499999999999,1.38225,0.3703
616,656,a,0.0,0.1616,0.9685,1.67025,0.7971,0.90105
617,657,a,0.0,0.1629,0.45775,0.5319999999999999,0.25265000000000004,0.4305
618,658,a,0.0,0.1871,0.5601,0.17319999999999994,0.26385,0.4079
619,659,a,0.0,0.15475,0.44005,0.11075,0.35300000000000004,0.6263
620,660,a,0.0,0.11895,0.39425,0.095,0.2226,0.37045
621,661,a,0.0,0.1269,0.27075,0.09035,0.24925,0.36485
622,662,a,0.0,0.1268,0.26585,0.08149999999999999,0.16105000000000005,0.3026999999999999
623,663,a,0.0,0.12214999999999998,0.40115,0.07730000000000001,0.24280000000000004,0.35625
624,664,a,0.0,0.13935,0.3846,0.10615,0.27455,0.37645
625,665,a,0.0,0.08535000000000001,0.3811,0.15935,0.3911,0.5132
626,666,a,0.0,0.16155,0.6496999999999999,0.14220000000000002,0.31594999999999995,0.3672000000000001
627,667,a,0.0,0.14710000000000004,0.7924500000000001,0.14425,0.4799000000000001,0.4865
628,668,a,0.0,0.15175,0.7031000000000001,0.1028,0.1972,0.4637
629,669,a,0.0,0.16640000000000002,0.6871,0.0721,0.27225,0.4815
630,670,a,0.0,0.12165,0.54435,0.19205,0.27715,0.4292
631,671,a,0.0,0.11875,0.31655,0.07629999999999999,0.21535,0.36195
632,672,a,0.0,0.1382,0.39815,0.09305,0.17664999999999995,0.2821
633,673,a,0.0,0.13105000000000006,0.44795,0.1057,0.23165,0.3389
634,674,a,0.0,0.0933,0.26654999999999995,0.1512,0.30085,0.4504
635,675,a,0.0,0.14505,0.7792499999999999,0.11784999999999997,0.2290500000000001,0.31820000000000004
636,676,a,0.0,0.16025000000000006,0.55745,0.09195,0.28645,0.4427
637,677,a,0.0,0.14529999999999998,0.60085,0.11029999999999998,0.25945,0.50765
638,678,a,0.0,0.14,0.6215,0.1137,0.3556,0.43475
639,679,a,0.0,0.1508,0.5798500000000001,0.10765,0.29584999999999995,0.48925
640,680,a,0.0,0.10735,0.4417500000000001,0.13115,0.39565,0.4314
641,681,a,0.0,0.1108,0.57865,0.07944999999999999,0.21280000000000004,0.3808000000000001
642,682,a,0.0,0.14474999999999996,0.60595,0.06265,0.20725,0.34214999999999995
643,683,a,0.0,0.1258,0.6776500000000001,0.12535000000000002,0.21825,0.3570999999999999
644,684,a,0.0,0.1315,0.5788,0.0994,0.21195,0.44015
645,685,a,0.0,0.12945,0.28775,0.07355,0.18770000000000006,0.3116
646,686,a,0.0,0.20985,0.7888,0.1737,0.30410000000000004,0.54975
647,687,a,0.0,0.44875,4.77745,0.4091,0.2509500000000001,2.01455
648,688,a,0.0,0.27425,1.0599500000000002,0.21735,0.08375000000000002,0.86325
649,689,a,0.0,0.07155,0.0367,0.3476,0.31610000000000005,2.23105
650,690,a,0.0,0.10059999999999998,0.0383,0.28989999999999994,0.244,2.37655
651,691,a,0.0,0.07375,0.0318,0.6425500000000001,0.1041,1.49575
652,692,a,0.0,0.03635,0.02625000000000001,0.2499,0.55905,1.3421500000000002
653,693,a,0.0,0.040650000000000006,0.015,0.2341,0.23465,1.4498
654,694,a,0.0,0.02225,0.008999999999999998,0.11805,0.2317,1.3916000000000002
655,695,a,0.0,0.0238,0.0062499999999999995,0.23085000000000006,0.28279999999999994,1.09445
656,696,a,0.0,0.01565,0.007899999999999999,0.16005,0.25785,1.09175
657,697,a,0.0,0.02745,0.0078,0.20725,0.21065000000000006,1.33055
658,698,a,0.0,0.02465,0.007750000000000002,0.1225,0.19475,0.9196
659,699,a,0.0,0.017849999999999998,0.00905,0.1599,0.14695,0.8617500000000001
660,700,a,0.0,0.01575,0.010350000000000002,0.1777,0.1807,1.0205499999999998
661,701,a,0.0,0.016950000000000003,0.0069,0.1077,0.1483,0.7026499999999999
662,702,a,0.0,0.0214,0.00905,0.12565,0.19830000000000006,0.76775
663,703,a,0.0,0.023600000000000003,0.01125,0.1145,0.2539,0.9665
664,704,a,0.0,0.03135,0.0103,0.11815,0.2407,1.12985
665,705,a,0.0,0.02485,0.0071,0.1094,0.2053,1.13415
666,706,a,0.0,0.019000000000000003,0.008499999999999997,0.14824999999999994,0.19655,0.7349999999999999
667,708,b,0.0,0.01695,0.007149999999999998,0.07555,0.11735,0.7749499999999999
668,709,b,0.0,0.015,0.006649999999999999,0.13355,0.15669999999999998,1.1172500000000003
669,710,b,0.0,0.06589999999999999,0.021650000000000003,0.33330000000000004,0.32575000000000004,1.8006500000000003
670,711,b,0.0,0.1117,0.0796,0.2794000000000001,0.39495,1.1269
671,712,b,0.0,0.06774999999999999,0.059600000000000014,0.4615500000000001,6.21635,0.25415
672,713,b,0.0,0.0972,0.09125,0.15115,7.51745,0.0922
673,714,b,0.0,0.08255000000000001,0.08624999999999998,0.12935,7.5451,0.08684999999999997
674,715,b,0.0,0.02055,0.0263,0.03395,3.3830000000000005,0.041899999999999986
675,716,b,0.0,0.013500000000000002,0.022400000000000003,0.03375,2.61775,0.03585
676,717,b,0.0,0.02725,0.0273,0.04055,3.27975,0.04935
677,718,b,0.0,0.03125,0.0286,0.05865,3.4922500000000003,0.0447
678,719,b,0.0,0.03385,0.033249999999999995,0.04765,3.73735,0.0565
679,720,b,0.0,0.02785,0.03735,0.03435,4.1648,0.05265
680,721,b,0.0,0.021800000000000003,0.023,0.05075,2.9067,0.04035
681,722,b,0.0,0.0196,0.027350000000000003,0.03365,3.62675,0.053950000000000005
682,723,b,0.0,0.02365,0.02625,0.0351,3.39195,0.04915
683,724,b,0.0,0.03395,0.0386,0.03425,4.173050000000001,0.0495
684,725,b,0.0,0.028299999999999995,0.02655,0.0328,3.5929499999999988,0.048449999999999986
685,726,b,0.0,0.0361,0.046199999999999984,0.05415,4.78215,0.06924999999999999
686,727,b,0.0,0.0434,0.043100000000000006,0.0476,4.5795,0.06590000000000001
687,728,b,0.0,0.031299999999999994,0.02595,0.02995,3.1354,0.04335
688,729,b,0.0,0.04855,0.04375,0.07345000000000003,3.94565,0.11700000000000002
689,731,c,0.0,0.0566,0.056,3.64255,0.07775,0.2776000000000001
690,732,c,0.0,0.0911,0.07345000000000003,5.394499999999999,0.17165,0.1419
691,733,c,0.0,0.053549999999999986,0.0336,2.1514,0.01945,0.0723
692,734,c,0.0,0.0493,0.02865,2.5779,0.04085,0.0392
693,735,c,0.0,0.03565,0.023350000000000003,2.1959500000000003,0.09805000000000004,0.046
694,736,c,0.0,0.03355,0.02605,2.0925,0.07430000000000002,0.0503
695,737,c,0.0,0.013800000000000005,0.0147,1.63785,0.0504,0.03225
696,738,c,0.0,0.0389,0.03895,3.33355,0.10169999999999997,0.054249999999999986
697,739,c,0.0,0.02615,0.03605,3.65005,0.0637,0.03805
698,740,c,0.0,0.022000000000000002,0.02075,2.39595,0.09189999999999997,0.039950000000000006
699,741,c,0.0,0.044300000000000006,0.037950000000000005,3.2316,0.07995000000000002,0.06774999999999999
700,742,c,0.0,0.0252,0.0227,2.438,0.0661,0.0377
701,743,c,0.0,0.02135,0.02515,2.07355,0.08815,0.03165
702,744,c,0.0,0.0199,0.030299999999999994,2.94295,0.07135,0.03625000000000001
703,745,c,0.0,0.02955,0.03595000000000001,3.5900499999999997,0.05795,0.0432
704,746,c,0.0,0.02805,0.0398,3.810350000000001,0.09699999999999999,0.0217
705,747,c,0.0,0.0216,0.02015,1.5338999999999998,0.05135,0.02195
706,748,c,0.0,0.02775,0.0393,3.93825,0.08265,0.02055
707,750,d,0.0,0.017800000000000003,0.020600000000000004,0.057349999999999984,0.0189,0.014300000000000004
708,751,d,0.0,0.0096,0.008,0.01165,0.00885,0.008150000000000001
709,752,d,0.0,0.00495,0.004000000000000001,0.005549999999999999,0.005,0.004399999999999999
710,753,d,0.0,0.00255,0.00305,0.005000000000000001,0.0036,0.003999999999999999
711,754,d,0.0,0.00415,0.0031500000000000005,0.0107,0.0041,0.0029
712,755,d,0.0,0.00395,0.0036000000000000008,0.004699999999999998,0.00475,0.0048
713,756,d,0.0,0.0027500000000000003,0.0048,0.01125,0.0019,0.004399999999999999
714,757,d,0.0,0.0029500000000000004,0.00385,0.0031000000000000003,0.005749999999999999,0.00505
715,758,d,0.0,0.0033000000000000004,0.0038,0.004049999999999999,0.004900000000000001,0.0069
716,759,d,0.0,0.005,0.0049,0.0061,0.00465,0.004600000000000001
717,760,d,0.0,0.00425,0.0057,0.005850000000000001,0.007850000000000001,0.0029
718,761,d,0.0,0.0024,0.00495,0.0045,0.004300000000000001,0.0034
719,762,d,0.0,0.00525,0.004849999999999999,0.00365,0.005399999999999999,0.00485
720,763,d,0.0,0.00405,0.00285,0.0048,0.005000000000000001,0.0037499999999999994
721,764,d,0.0,0.004299999999999999,0.007550000000000001,0.00505,0.0064,0.00385
722,765,d,0.0,0.0061,0.009400000000000002,0.00675,0.00905,0.0043
723,766,d,0.0,0.00495,0.00995,0.0084,0.007449999999999998,0.0058
724,767,d,0.0,0.0141,0.01895,0.0187,0.013799999999999998,0.008150000000000001
725,769,e,0.0,0.0024,0.0056500000000000005,0.0035499999999999993,0.00605,0.00525
726,770,e,0.0,0.004399999999999999,0.006699999999999999,0.0048,0.0075499999999999986,0.00955
727,771,e,0.0,0.008550000000000002,0.00465,0.00915,0.00525,0.007300000000000002
728,772,e,0.0,0.0072,0.0045000000000000005,0.006500000000000001,0.004750000000000001,0.0109
