,acc,ch1,ch2,ch3,ch4,ch5
0,0.0,0.0889,0.1458,0.048,0.12305,0.11205
1,0.0,0.004750000000000001,0.0072499999999999995,0.008150000000000001,0.0038000000000000004,0.00565
2,0.0,0.003949999999999999,0.004799999999999999,0.0036499999999999996,0.00615,0.007549999999999999
3,0.0,0.007299999999999999,0.0168,0.012149999999999998,0.015000000000000003,0.0066
4,0.0,0.010099999999999998,0.0124,0.009899999999999999,0.00985,0.0079
5,0.0,0.005549999999999999,0.010699999999999998,0.007250000000000001,0.00835,0.0034000000000000007
6,0.0,0.0039000000000000003,0.00955,0.005300000000000001,0.012300000000000002,0.0111
7,0.0,0.005300000000000001,0.006499999999999999,0.006700000000000001,0.013750000000000002,0.01025
8,0.0,0.11150000000000002,0.07865,1.43265,0.38625,0.38025
9,0.0,0.2021,0.1808,0.9546500000000001,0.48745000000000005,2.2854
10,0.0,0.5611499999999999,0.853,0.07064999999999999,0.13319999999999999,1.11395
11,0.0,1.1859000000000002,1.7093500000000001,0.8654499999999999,0.72195,0.96345
12,0.0,0.49585,0.8139,0.1299,0.10129999999999999,0.11900000000000001
13,0.0,1.0543500000000001,1.98815,0.3627,0.5579999999999999,1.12235
14,0.0,0.5842499999999999,0.8565999999999999,0.6309500000000001,0.9409,0.4174
15,0.0,0.37124999999999997,0.58805,0.0713,0.04249999999999999,0.13899999999999998
16,0.0,0.0348,0.036849999999999994,0.0189,0.0157,0.027450000000000002
17,0.0,0.028,0.03265,0.007899999999999999,0.00825,0.0112
18,0.0,0.02825,0.03005,0.014900000000000002,0.01005,0.01625
19,0.0,0.016399999999999998,0.0202,0.013649999999999999,0.006600000000000001,0.014
20,0.0,0.24625,0.46569999999999995,0.0726,0.1197,0.2164
21,0.0,0.7766,1.36825,0.29945000000000005,0.48840000000000006,0.8348000000000001
22,0.0,1.70285,1.3525500000000004,0.6382500000000001,0.73785,1.2258
23,0.0,1.3571,1.7090500000000002,0.7236499999999999,0.9655000000000001,0.5971000000000001
24,0.0,1.4056000000000002,1.7665499999999998,0.4058000000000001,0.7862499999999999,0.8952499999999999
25,0.0,1.1696000000000002,1.33605,0.24514999999999998,0.543,0.51
26,0.0,0.7831,0.8793,0.215,0.6426000000000001,0.5389499999999999
27,0.0,0.6636000000000001,0.7387999999999999,0.29975,0.6443,0.53765
28,0.0,0.6755000000000001,1.1446,0.3817,0.45539999999999997,0.8442999999999999
29,0.0,0.44844999999999996,0.5115000000000001,0.43184999999999996,0.30190000000000006,0.86105
30,0.0,1.52335,1.4311500000000001,0.30500000000000005,0.5998999999999999,0.6264000000000002
31,0.0,1.00795,0.9396999999999999,0.26505,0.49735,0.7319000000000001
32,0.0,1.2410500000000002,2.12335,0.28350000000000003,0.40725,0.48639999999999994
33,0.0,1.6845,1.3645,0.22565,0.5361,0.5571999999999999
34,0.0,1.07305,1.7087,0.20690000000000003,0.30665,0.3988
35,0.0,1.05675,1.021,0.23995000000000002,0.51155,0.49305000000000004
36,0.0,0.9300000000000002,1.31225,0.24425,0.39305,0.59235
37,0.0,1.094,1.5668499999999999,0.26670000000000005,0.6265499999999999,0.6166999999999999
38,0.0,1.1316,1.4189999999999998,0.2224,0.3301,0.5064
39,0.0,1.5711499999999998,1.1862,0.28825,0.4731000000000001,0.66835
40,0.0,1.0042,0.9789999999999999,0.35015,0.5068499999999999,0.562
41,0.0,0.9680500000000001,1.4462999999999997,0.23355,0.5605999999999999,0.43650000000000005
42,0.0,1.23885,0.9748999999999999,0.1304,0.5332499999999999,0.32805000000000006
43,0.0,1.0288499999999998,1.12585,0.14669999999999997,0.57545,0.43315
44,0.0,1.4361500000000003,1.1202,0.17825000000000002,0.36555,0.4079
45,0.0,0.6734999999999999,0.5325,0.16104999999999997,0.7074,0.27975
46,0.0,0.5617,1.35395,1.53995,0.45220000000000005,1.1084499999999997
47,0.0,0.40925,2.3242000000000003,0.43225,1.1718,0.27990000000000004
48,0.0,0.2941,0.4638500000000001,0.15215,0.5607,0.7937000000000001
49,0.0,0.1923,0.23805,0.08735000000000001,0.16785,0.22375
50,0.0,0.1947,0.36710000000000004,0.0892,0.26145,0.24855
51,0.0,0.1618,0.2119,0.05190000000000001,0.08935,0.22444999999999998
52,0.0,0.2017,0.24839999999999998,0.05515000000000001,0.18935000000000002,0.28675
53,0.0,0.1851,0.28884999999999994,0.03805000000000001,0.1531,0.27555
54,0.0,0.23535,0.3914500000000001,0.03855,0.1674,0.27285000000000004
55,0.0,0.24605,0.3233,0.06765,0.23485,0.2715
56,0.0,0.19254999999999997,0.4057,0.04574999999999999,0.2408,0.35929999999999995
57,0.0,0.19219999999999998,0.4496,0.053849999999999995,0.23245000000000002,0.32295
58,0.0,0.19485,0.30835000000000007,0.0335,0.12969999999999998,0.2978
59,0.0,0.18150000000000002,0.5056,0.0621,0.28099999999999997,0.30540000000000006
60,0.0,0.20375000000000001,0.3434,0.053,0.20820000000000002,0.35259999999999997
61,0.0,0.21904999999999997,0.39025000000000004,0.047499999999999994,0.25460000000000005,0.31579999999999997
62,0.0,0.19230000000000003,0.33065000000000005,0.04425,0.16315000000000002,0.29235
63,0.0,0.1826,0.2797,0.033900000000000007,0.1151,0.3439
64,0.0,0.1583,0.23474999999999996,0.0301,0.12395,0.3102
65,0.0,0.33214999999999995,0.45715,0.03785,0.2637,0.33039999999999997
66,0.0,3.4525,0.8507000000000001,0.0659,0.6881999999999999,0.84705
67,0.0,1.5386,1.7595500000000002,0.9878499999999999,1.2481,1.3016999999999999
68,0.0,1.18015,1.0451,0.3255,0.66005,0.7838499999999999
69,0.0,1.50525,2.3317,0.10670000000000002,0.4899,0.7279
70,0.0,1.1895999999999998,1.0598499999999997,0.09025,0.43440000000000006,0.55085
71,0.0,0.7171,1.1555,0.0877,0.4532,0.6388
72,0.0,1.43005,1.40135,0.09645,0.3682,0.7363
73,0.0,0.9793499999999999,1.6999999999999997,0.0789,0.6612499999999999,0.6599999999999999
74,0.0,1.04595,1.6344,0.10709999999999999,0.55515,0.77525
75,0.0,0.3164,2.3263000000000007,0.1025,0.26605,0.85455
76,0.0,0.23245000000000007,0.10235,0.32755,0.5910000000000001,1.8957
77,0.0,0.07415000000000001,0.027800000000000002,0.16550000000000004,0.5229,0.9874499999999999
78,0.0,0.1237,0.06330000000000001,0.1148,0.5013000000000001,2.2471
79,0.0,0.06755000000000001,0.0211,0.06924999999999999,0.20715,0.96805
80,0.0,0.06425,0.03305,0.1142,0.26905,1.29315
81,0.0,0.054650000000000004,0.031299999999999994,0.07510000000000001,0.33465,0.61005
82,0.0,0.05155000000000001,0.022600000000000002,0.05545,0.22225,0.54915
83,0.0,0.03535,0.021,0.04035,0.0626,0.8167999999999999
84,0.0,0.03265,0.018549999999999997,0.057800000000000004,0.04195,0.7162999999999999
85,0.0,0.034999999999999996,0.02225,0.10245,0.09935,1.4561000000000002
86,0.0,0.08560000000000001,0.04345,0.07015,0.11009999999999999,0.98265
87,0.0,0.0498,0.023600000000000003,0.07219999999999999,0.10109999999999998,1.5150000000000003
88,0.0,0.04619999999999999,0.03535,0.04765,0.19924999999999998,1.3081999999999998
89,0.0,1.5852499999999996,1.0574999999999999,0.33699999999999997,0.225,0.9929
90,0.0,1.6305,2.67095,0.33030000000000004,4.18365,1.3673499999999998
91,0.0,4.56255,0.6631,1.3965,1.2884499999999999,4.36575
92,0.0,0.6495500000000001,0.37235,0.67995,0.4104,1.2793
93,0.0,0.6730999999999999,0.45405000000000006,0.6363999999999999,0.3388,1.4920999999999998
94,0.0,0.5493000000000001,0.45790000000000003,0.449,0.43835,1.1316
95,0.0,0.6104999999999999,0.47229999999999994,0.51185,0.41285000000000005,0.92525
96,0.0,0.6156999999999999,0.50905,0.59775,0.3444,1.01615
97,0.0,0.3286,0.36515,0.6029,0.5528500000000001,0.8071
98,0.0,0.33120000000000005,0.38915,0.5569999999999999,0.31894999999999996,0.9502499999999999
99,0.0,0.37250000000000005,0.48595,0.6541,0.26180000000000003,0.9096500000000002
100,0.0,0.4626,0.38369999999999993,0.46925,0.2746,0.6452500000000001
101,0.0,0.5277000000000001,0.42569999999999997,0.4738,0.3197,0.7640000000000001
102,0.0,0.3767999999999999,0.39185000000000003,0.31509999999999994,0.24904999999999997,0.82635
103,0.0,0.54725,0.33475,0.6194000000000001,0.2498,2.70405
104,0.0,0.6081000000000001,1.45625,0.80095,0.4323,1.67465
105,0.0,0.15244999999999997,0.09095,0.20659999999999998,0.4824,2.0949000000000004
106,0.0,0.04800000000000001,0.017249999999999998,0.11485,0.29145,0.85565
107,0.0,0.0569,0.01875,0.026549999999999997,0.11890000000000003,1.1481
108,0.0,0.04615,0.026400000000000003,0.22285000000000002,0.50915,0.9611500000000001
109,0.0,0.07015,0.027299999999999998,0.0681,0.1039,1.2306
110,0.0,0.043949999999999996,0.022500000000000003,0.12595,0.09549999999999999,0.9326000000000001
111,0.0,0.20459999999999998,0.07105,0.5528000000000001,0.1528,3.8279499999999995
112,0.0,0.09270000000000002,0.04205,0.33815,3.2679,0.27630000000000005
113,0.0,0.12175,0.0793,0.26589999999999997,5.6034999999999995,0.38650000000000007
114,0.0,0.062049999999999994,0.05595,0.17259999999999998,5.546899999999999,0.1051
115,0.0,0.05765,0.06334999999999999,0.1181,4.9032,0.13465
116,0.0,0.05354999999999999,0.047499999999999994,0.0833,3.84825,0.09095
117,0.0,0.07645,0.06565,0.09,5.4902,0.14375000000000002
118,0.0,0.061,0.055349999999999996,0.0684,5.480700000000001,0.0976
119,0.0,0.04945,0.05814999999999999,0.05140000000000001,3.81565,0.11495
120,0.0,0.0438,0.0475,0.03730000000000001,4.0808,0.049100000000000005
121,0.0,0.062499999999999986,0.0648,0.09095,4.8781500000000015,0.0924
122,0.0,0.04765,0.047349999999999996,0.0818,4.6288,0.04255
123,0.0,0.05285,0.046349999999999995,0.08745,3.8126499999999997,0.08105000000000001
124,0.0,0.11759999999999998,0.09555000000000001,0.1834,7.6234,0.1373
125,0.0,0.11110000000000002,0.06640000000000001,4.88545,1.60485,0.12855
126,0.0,0.13025,0.0654,6.1492,0.07295,0.0594
127,0.0,0.07275000000000001,0.0548,2.4484500000000002,0.10175,0.11435000000000001
128,0.0,0.0433,0.041199999999999994,3.0107500000000003,0.11225,0.0611
129,0.0,0.048850000000000005,0.0324,4.924849999999999,0.1559,0.09675
130,0.0,0.07680000000000001,0.058750000000000004,6.006200000000001,0.10429999999999999,0.0646
131,0.0,0.051050000000000005,0.04909999999999999,0.09120000000000002,0.043699999999999996,0.036000000000000004
132,0.0,0.01765,0.018050000000000004,0.01905,0.015649999999999997,0.01425
133,0.0,0.0056500000000000005,0.006300000000000001,0.00745,0.007599999999999999,0.0049
134,0.0,0.0078000000000000005,0.003149999999999999,0.00605,0.00915,0.006199999999999998
135,0.0,0.0043,0.004400000000000001,0.004,0.009350000000000002,0.0037500000000000003
136,0.0,0.004149999999999999,0.005200000000000001,0.0059499999999999996,0.006750000000000001,0.006449999999999999
137,0.0,0.004999999999999999,0.00435,0.006049999999999999,0.007300000000000001,0.00985
138,0.0,0.0056999999999999985,0.003100000000000001,0.004999999999999999,0.0059499999999999996,0.00825
139,0.0,0.00575,0.00425,0.0073999999999999995,0.007350000000000001,0.00465
140,0.0,0.0039000000000000003,0.00355,0.0106,0.00735,0.0066
141,0.0,0.004450000000000002,0.006100000000000003,0.005550000000000001,0.006,0.004
142,0.0,0.005100000000000002,0.0045499999999999985,0.004550000000000002,0.006549999999999999,0.00435
143,0.0,0.00345,0.004299999999999998,0.00575,0.0042,0.0035499999999999998
144,0.0,0.0032000000000000006,0.004399999999999999,0.0036000000000000008,0.008350000000000002,0.006400000000000001
145,0.0,0.00425,0.004600000000000001,0.0029500000000000004,0.01035,0.005050000000000001
146,0.0,0.0029500000000000004,0.0102,0.0040999999999999995,0.0079,0.00665
147,0.0,0.0058,0.013450000000000002,0.010250000000000002,0.01175,0.0072
148,0.0,0.0211,0.012100000000000001,1.0101,0.06720000000000001,0.06219999999999999
149,0.0,0.10339999999999999,0.05190000000000001,4.0672,0.1528,0.15669999999999998
150,0.0,0.1029,0.11465000000000002,8.267050000000001,0.11605000000000001,0.18089999999999998
151,0.0,0.06274999999999999,0.0487,3.48175,0.09895000000000001,0.03435
152,0.0,0.0482,0.055400000000000005,5.01985,0.10189999999999999,0.08745
153,0.0,0.05505,0.0343,1.5713,0.0741,0.07615000000000001
154,0.0,0.0737,0.06,5.619400000000001,0.10975000000000001,0.12840000000000001
155,0.0,0.051000000000000004,0.025400000000000002,0.9792,0.6886,0.12235
156,0.0,0.18744999999999998,0.1237,0.51805,4.726999999999999,0.1527
157,0.0,0.1082,0.11539999999999999,0.1427,8.4943,0.11830000000000002
158,0.0,0.07894999999999999,0.0737,0.08574999999999999,5.1107,0.14975
159,0.0,0.1142,0.09115000000000001,0.1299,7.1823500000000005,0.24375
160,0.0,0.0977,0.0819,0.08334999999999998,6.36235,0.11120000000000002
161,0.0,0.0609,0.061649999999999996,0.0555,5.4784999999999995,0.11195
162,0.0,0.09624999999999999,0.07365,0.08760000000000001,4.408399999999999,0.9222
163,0.0,0.08264999999999999,0.0458,0.18679999999999997,1.0224,0.67505
164,0.0,0.2437,0.0589,2.07785,0.19284999999999997,1.6005500000000001
165,0.0,0.10659999999999999,0.02715,0.17625,0.36735000000000007,1.2097
166,0.0,0.0484,0.012650000000000002,0.22215000000000001,0.2756,0.8563499999999998
167,0.0,0.025700000000000004,0.01095,0.08580000000000002,0.18615000000000004,0.8162
168,0.0,0.038450000000000005,0.01845,0.09444999999999999,0.30724999999999997,1.5392
169,0.0,0.03475,0.018150000000000003,0.16419999999999996,0.17785,1.0281500000000001
170,0.0,0.028200000000000003,0.014650000000000002,0.17105,0.14684999999999998,1.34175
171,0.0,0.020050000000000002,0.010350000000000002,0.10755,0.13505,0.7111
172,0.0,0.020599999999999997,0.008349999999999998,0.09009999999999999,0.09545,0.6623999999999999
173,0.0,0.026599999999999995,0.00945,0.09025,0.15304999999999996,0.57985
174,0.0,0.03055,0.02,0.1547,0.1884,1.1559000000000001
175,0.0,0.05624999999999999,0.0142,0.1256,0.25429999999999997,1.0286000000000002
176,0.0,0.03375,0.015300000000000001,0.07750000000000001,0.11065,0.6982999999999999
177,0.0,0.022200000000000004,0.014499999999999999,0.12044999999999999,0.14959999999999998,0.8962000000000001
178,0.0,0.0271,0.021699999999999997,0.12075000000000001,0.16640000000000002,0.8664500000000002
179,0.0,0.034499999999999996,0.011899999999999997,0.11574999999999999,0.12545,0.6953
180,0.0,0.0148,0.013049999999999999,0.11624999999999999,0.19835,0.89375
181,0.0,0.0264,0.013699999999999999,0.10815000000000001,0.11515,0.6355500000000001
182,0.0,0.010499999999999999,0.005399999999999999,0.060200000000000004,0.07175,0.27734999999999993
183,0.0,0.0271,0.012299999999999998,0.10160000000000001,0.11275,0.6845499999999999
184,0.0,0.017050000000000003,0.010100000000000001,0.10064999999999999,0.1398,0.6784499999999999
185,0.0,0.02075,0.01245,0.1086,0.09294999999999999,0.63235
186,0.0,0.02775,0.00785,0.11370000000000001,0.11555,0.6630999999999999
187,0.0,0.0211,0.01425,0.18105000000000002,0.11489999999999999,0.64585
188,0.0,0.0354,0.021600000000000005,0.1873,0.2869,0.66645
189,0.0,0.09145,0.0437,0.3828999999999999,0.219,0.8775499999999999
190,0.0,0.31545,0.09145,0.09624999999999999,0.16824999999999998,3.1345000000000005
191,0.0,1.6223999999999998,1.83235,0.0703,0.1276,1.7822
192,0.0,1.9208500000000002,1.02735,0.06225,0.6594500000000001,1.3507500000000001
193,0.0,3.2511499999999995,0.81755,0.6986500000000001,0.7872499999999999,1.6513499999999999
194,0.0,1.49915,1.6456499999999998,0.18245,0.6291,0.88575
195,0.0,1.77665,1.0860500000000002,0.24899999999999997,0.5972999999999999,1.2288499999999998
196,0.0,1.65765,1.2206000000000001,0.12424999999999999,0.22355000000000003,0.21065
197,0.0,1.3177499999999998,1.677,0.21655000000000002,0.28855,0.6475
198,0.0,1.9873,1.5910999999999997,0.16924999999999998,0.3992,0.5162000000000001
199,0.0,2.5969,1.1878,0.15445000000000003,0.6333,0.639
200,0.0,1.28485,0.9937,0.12319999999999999,0.30400000000000005,0.7152499999999999
201,0.0,2.0053,1.3714000000000002,0.1796,0.3344,0.9894499999999999
202,0.0,1.9331500000000004,1.9049,0.3489,0.47209999999999996,0.7588
203,0.0,1.8783,1.4901999999999997,0.23395,0.6194,0.6515
204,0.0,1.5861500000000002,1.3019,0.26525,0.5179,0.4684499999999999
205,0.0,1.6929500000000002,1.12805,0.2006,0.4987999999999999,0.63815
206,0.0,1.7668499999999998,1.2785999999999997,0.20745,0.3451,0.6952499999999999
207,0.0,1.8492000000000002,1.5065499999999998,0.2544,0.33230000000000004,0.6291000000000001
208,0.0,2.3858499999999996,1.3320999999999996,0.30805,0.32245,0.6384000000000001
209,0.0,1.21975,1.0075,0.17605000000000004,0.18689999999999998,0.71495
210,0.0,1.4713500000000002,1.1957,0.12725,0.29775,0.37165000000000004
211,0.0,1.1695499999999999,0.8988,0.23740000000000003,0.29625,0.474
212,0.0,1.0358500000000002,0.99945,0.12755,0.41595000000000004,0.41775
213,0.0,1.6508,1.7220000000000002,0.1529,0.38535,0.7279500000000001
214,0.0,2.0842,1.3706,0.0998,0.20234999999999997,0.65055
215,0.0,1.67515,1.1011499999999999,0.37715,0.3613,0.9433499999999999
216,0.0,1.2666,1.14135,0.08195,0.3426,0.3974499999999999
217,0.0,1.2570000000000001,1.03025,0.15205,0.3457,0.60325
218,0.0,1.17375,1.0137,0.12155000000000002,0.17364999999999997,0.32559999999999995
219,0.0,1.6125,1.3469000000000002,0.19835,0.2346,0.43800000000000006
220,0.0,1.3618000000000001,1.1331,0.16430000000000003,0.2748,0.65435
221,0.0,1.3507,0.9592000000000002,0.25815,0.26795,0.6486999999999999
222,0.0,1.4244499999999998,1.2287000000000001,0.0867,0.3106,0.4146
223,0.0,1.5107,1.1368500000000001,0.14295,0.21625000000000003,0.3829
224,0.0,1.5239,1.2397,0.13315,0.1707,0.6047
225,0.0,1.8438499999999995,1.38065,0.1147,0.24675,0.6164
226,0.0,1.47645,1.2826,0.11965,0.31645000000000006,0.5354999999999999
227,0.0,1.0511,0.9532999999999999,0.15165,0.2014,0.57315
228,0.0,1.2111499999999997,1.92685,0.204,0.3978,0.8784500000000001
229,0.0,0.0721,0.0767,0.1589,0.6591,2.26105
230,0.0,0.025,0.013850000000000003,0.1087,0.20930000000000004,1.4896
231,0.0,0.01305,0.00635,0.08245,0.21070000000000003,1.3269000000000002
232,0.0,0.016550000000000002,0.00835,0.0737,0.1949,1.5124000000000002
233,0.0,0.030600000000000002,0.011550000000000001,0.10840000000000001,0.14899999999999997,1.32925
234,0.0,0.02655,0.0167,0.0845,0.27005,1.2932000000000001
235,0.0,0.0324,0.009649999999999999,0.0861,0.22040000000000004,1.1395499999999998
236,0.0,0.023899999999999994,0.008399999999999998,0.08580000000000002,0.24410000000000004,1.14655
237,0.0,0.016,0.0078000000000000005,0.13699999999999998,0.20835000000000004,1.7064500000000002
238,0.0,0.03560000000000001,0.015799999999999998,0.23770000000000002,0.25705,1.0453000000000001
239,0.0,0.1079,0.05845,0.31085,0.3174499999999999,2.1124500000000004
240,0.0,0.14494999999999997,0.07770000000000002,0.25894999999999996,5.25975,0.156
241,0.0,0.0645,0.062400000000000004,0.06509999999999999,3.2658500000000004,0.08445
242,0.0,0.10665,0.09344999999999999,0.10590000000000001,8.068249999999999,0.14245000000000002
243,0.0,0.09900000000000002,0.09105000000000002,0.04995,6.550800000000001,0.0929
244,0.0,0.054900000000000004,0.06104999999999999,0.03845,5.6309499999999995,0.06174999999999999
245,0.0,0.09004999999999999,0.0804,0.0648,5.76365,0.10074999999999999
246,0.0,0.0667,0.07120000000000001,0.04100000000000001,5.9505,0.0908
247,0.0,0.05185000000000001,0.0459,0.0344,4.3439,0.05739999999999999
248,0.0,0.0416,0.04785,0.037349999999999994,4.573,0.0592
249,0.0,0.056749999999999995,0.052550000000000006,0.04055,4.670599999999999,0.058750000000000004
250,0.0,0.05105,0.05374999999999999,0.045,4.470750000000001,0.0584
251,0.0,0.03775,0.04,0.04695,3.73175,0.043050000000000005
252,0.0,0.05895,0.0636,0.04994999999999999,5.7808,0.06405
253,0.0,0.0746,0.06680000000000001,0.04725,6.344799999999999,0.0838
254,0.0,0.07270000000000001,0.07919999999999999,0.05235000000000001,5.65765,0.08375000000000002
255,0.0,0.04675000000000001,0.045950000000000005,0.054150000000000004,5.222149999999999,0.07725000000000001
256,0.0,0.052950000000000004,0.0596,0.04605000000000001,6.0089,0.07934999999999999
257,0.0,0.08035,0.07874999999999999,0.0572,6.1562,0.08005
258,0.0,0.07045,0.06699999999999999,0.0543,5.5322,0.06130000000000001
259,0.0,0.0633,0.058449999999999995,0.0414,5.1758999999999995,0.09095
260,0.0,0.10310000000000002,0.0998,0.057749999999999996,6.918400000000001,0.11975000000000001
261,0.0,0.12134999999999999,0.09690000000000001,0.04699999999999999,6.25335,0.13925
262,0.0,0.09655,0.0986,0.1012,6.52955,0.1447
263,0.0,0.0797,0.07075000000000001,0.0352,5.2975,0.09430000000000001
264,0.0,0.0691,0.06575,0.037649999999999996,5.719199999999999,0.0819
265,0.0,0.07880000000000001,0.07019999999999998,0.03205,5.071200000000001,0.07559999999999999
266,0.0,0.07675000000000001,0.06835000000000001,0.03615,5.78895,0.09025
267,0.0,0.06915,0.06989999999999999,0.0686,6.0002,0.09820000000000001
268,0.0,0.07755000000000001,0.07260000000000001,0.113,6.435650000000001,0.10195000000000001
269,0.0,0.11855,0.08614999999999999,1.3007000000000002,3.3905000000000003,0.1551
270,0.0,0.10365000000000002,0.08910000000000001,1.9491999999999998,0.33694999999999997,0.09645
271,0.0,0.07680000000000001,0.03065,2.6217,0.0945,0.06535
272,0.0,0.03245,0.02745,2.11065,0.06455,0.0593
273,0.0,0.03565,0.0381,1.8091000000000002,0.11125000000000002,0.0685
274,0.0,0.01595,0.016600000000000004,1.5381000000000002,0.06215,0.045899999999999996
275,0.0,0.02595,0.018000000000000002,1.5902,0.026299999999999997,0.0462
276,0.0,0.051000000000000004,0.042749999999999996,3.14495,0.15125,0.0851
277,0.0,0.0418,0.0294,2.8236499999999998,0.06445000000000001,0.0437
278,0.0,0.02495,0.019700000000000002,2.0498499999999997,0.0739,0.049499999999999995
279,0.0,0.0224,0.0209,2.1664,0.0739,0.03704999999999999
280,0.0,0.020750000000000005,0.01735,2.1893,0.0888,0.031549999999999995
281,0.0,0.01865,0.0171,1.7671,0.04625,0.03955
282,0.0,0.018600000000000002,0.01545,1.54265,0.06520000000000001,0.022250000000000002
283,0.0,0.048,0.0445,5.892200000000001,0.2027,0.14889999999999998
284,0.0,0.04435,0.04125,0.29824999999999996,0.050249999999999996,0.07279999999999999
285,0.0,0.00905,0.0136,0.02385,0.017049999999999996,0.014199999999999997
286,0.0,0.008000000000000002,0.009949999999999999,0.0099,0.009099999999999999,0.0059499999999999996
287,0.0,0.005249999999999999,0.005849999999999999,0.008549999999999999,0.00355,0.0068000000000000005
288,0.0,0.0024000000000000002,0.0028000000000000004,0.0022500000000000003,0.006700000000000001,0.0066500000000000005
289,0.0,0.0030499999999999998,0.00355,0.004950000000000001,0.0052000000000000015,0.00325
290,0.0,0.0029499999999999995,0.00415,0.0017999999999999997,0.0048,0.00505
291,0.0,0.004,0.004350000000000001,0.0042,0.0043500000000000014,0.0029500000000000004
292,0.0,0.0033500000000000005,0.0017999999999999997,0.00365,0.00665,0.0063
293,0.0,0.00305,0.0031000000000000003,0.00175,0.005850000000000001,0.0038499999999999997
294,0.0,0.004149999999999999,0.00405,0.003300000000000001,0.0070999999999999995,0.00435
295,0.0,0.005449999999999999,0.00935,0.0075499999999999986,0.009600000000000001,0.00715
296,0.0,0.00315,0.006699999999999999,0.0091,0.005549999999999999,0.00395
297,0.0,0.0043,0.005449999999999999,0.0052499999999999995,0.007600000000000001,0.00485
298,0.0,0.0034,0.007649999999999999,0.006,0.0066500000000000005,0.005399999999999999
299,0.0,0.006149999999999999,0.0086,0.0053999999999999986,0.008849999999999998,0.0049
300,0.0,0.0022,0.0025,0.0030999999999999995,0.0045,0.00685
301,0.0,0.0030999999999999995,0.00585,0.003599999999999999,0.006350000000000001,0.00865
302,0.0,0.0023,0.0063999999999999994,0.00395,0.0060500000000000016,0.005
303,0.0,0.006849999999999999,0.010949999999999998,0.00795,0.010899999999999998,0.004399999999999999
304,0.0,0.0033500000000000005,0.0053,0.0033,0.0052499999999999995,0.0078
305,0.0,0.05755,0.017499999999999998,0.02225,0.0382,0.10349999999999998
306,0.0,0.09165000000000002,0.04945,3.1198999999999995,0.17759999999999995,0.16575
307,0.0,0.06955,0.04400000000000001,2.1876499999999997,0.13165,0.12850000000000003
308,0.0,0.03899999999999999,0.04185,4.67335,0.12605,0.17905000000000001
309,0.0,0.04695,0.040900000000000006,1.0151500000000002,0.28890000000000005,0.22510000000000002
310,0.0,0.2104,0.17325,0.49119999999999997,6.51225,0.46020000000000005
311,0.0,0.1738,0.15435,0.07865,9.2883,0.2688499999999999
312,0.0,0.09845,0.07340000000000002,0.09034999999999999,8.844999999999999,0.09625
313,0.0,0.09549999999999999,0.064,0.091,3.8260500000000004,0.7288000000000001
314,0.0,0.11615,0.07020000000000001,0.18225,2.0828499999999996,0.50735
315,0.0,0.13699999999999998,0.0577,0.75095,0.2581,2.1040500000000004
316,0.0,0.12115,0.09225,0.14834999999999998,0.36539999999999995,1.9926499999999998
317,0.0,0.07955000000000002,0.05075,0.3749,0.36939999999999995,1.9869999999999999
318,0.0,0.06285,0.0361,0.34419999999999995,0.25634999999999997,1.1241
319,0.0,0.0392,0.02055,0.25949999999999995,0.24145,0.79955
320,0.0,0.01945,0.021349999999999994,0.060750000000000005,0.23665,0.9649999999999999
321,0.0,0.03845,0.0361,0.33045,0.17715,0.9862
322,0.0,2.8366,0.8663000000000001,0.46995,0.3622,0.9158500000000002
323,0.0,1.4406,1.68395,0.953,0.36319999999999997,1.33345
324,0.0,0.15705,0.7063,0.3744,0.24119999999999997,0.56015
325,0.0,0.29580000000000006,0.4188,0.27555,0.37905,0.41619999999999996
326,0.0,0.24755000000000002,0.7409999999999999,0.4750500000000001,0.22910000000000003,0.8157000000000001
327,0.0,0.17704999999999999,0.2608,0.22910000000000003,0.24585,0.26305000000000006
328,0.0,0.18839999999999998,0.28614999999999996,0.18545,0.25894999999999996,0.38335
329,0.0,0.19565000000000002,0.36605,0.1628,0.21575,0.34019999999999995
330,0.0,0.2295,0.6137,0.15515,0.19820000000000002,0.35240000000000005
331,0.0,0.19719999999999996,0.7111,0.1268,0.2938,0.3298
332,0.0,0.14145,0.4944,0.10544999999999999,0.18069999999999997,0.38510000000000005
333,0.0,0.14629999999999999,0.61,0.1065,0.22039999999999998,0.5588500000000001
334,0.0,0.21044999999999997,0.7882,0.16805000000000003,0.45795,0.6667500000000001
335,0.0,0.1807,0.6597500000000001,0.1861,0.32239999999999996,0.5842999999999998
336,0.0,0.20135000000000003,0.7031,0.1647,0.268,0.5701
337,0.0,0.1429,0.5608,0.17570000000000002,0.29964999999999997,0.4547
338,0.0,0.21569999999999995,0.7792499999999999,0.17045000000000002,0.23100000000000004,0.7847999999999999
339,0.0,0.1107,0.6741,0.30695,0.31425,0.53735
340,0.0,0.16165,0.58745,0.1223,0.31125,0.58485
341,0.0,0.23805,1.0649000000000002,0.1809,0.25565000000000004,0.42825
342,0.0,0.23204999999999998,0.9473999999999999,0.14335,0.2044,0.5499499999999998
343,0.0,0.17035,0.6865,0.11610000000000001,0.3028,0.7219000000000001
344,0.0,0.19605000000000003,0.6562500000000001,0.12705000000000002,0.24885000000000002,0.5526500000000001
345,0.0,0.15215,0.74435,0.06695000000000001,0.365,0.54085
346,0.0,0.2061,0.6688,0.11865000000000002,0.23255000000000003,0.48795000000000005
347,0.0,0.2266,0.6946499999999999,0.09015000000000001,0.39105,0.56425
348,0.0,0.18989999999999999,0.7922,0.17325,0.4689500000000001,0.77015
349,0.0,0.19395,0.7033499999999999,0.09365000000000001,0.30079999999999996,0.62335
350,0.0,0.1614,0.7545000000000001,0.10039999999999999,0.26870000000000005,0.68245
351,0.0,0.15555,0.54785,0.09765,0.20544999999999997,0.446
352,0.0,0.18065,0.6721,0.12380000000000002,0.38805,0.4868499999999999
353,0.0,0.1387,0.8761000000000001,0.17775,0.20504999999999995,0.5458
354,0.0,2.14525,2.42355,0.28389999999999993,0.8266000000000001,1.9380000000000002
355,0.0,2.92175,1.8306499999999997,0.15345,0.26575000000000004,0.96825
356,0.0,3.80925,0.24619999999999997,1.0347,0.6,1.97655
357,0.0,2.6553500000000003,0.15284999999999999,0.4133000000000001,0.25875,1.2224000000000002
358,0.0,1.9829999999999999,0.17204999999999998,0.29865,0.3527,0.8315
359,0.0,1.32705,0.1546,0.2918,0.32889999999999997,0.7150500000000001
360,0.0,1.3888500000000001,0.1451,0.2924,0.33049999999999996,0.54105
361,0.0,1.195,0.1574,0.24675000000000002,0.3088,0.5289
362,0.0,1.1109,0.19055,0.22904999999999998,0.27959999999999996,0.5502
363,0.0,1.1488500000000001,0.12240000000000001,0.17815,0.20429999999999998,0.44569999999999993
364,0.0,0.9299,0.1819,0.15664999999999998,0.1104,0.48385
365,0.0,0.9708,0.1996,0.29359999999999997,0.26460000000000006,0.7579
366,0.0,1.2782000000000002,0.1895,0.31405,0.29085000000000005,0.8166500000000002
367,0.0,1.3152499999999998,0.23560000000000003,0.3693,0.3298499999999999,0.8630499999999999
368,0.0,0.9793000000000001,0.23729999999999998,0.33140000000000003,0.13575,0.5801
369,0.0,0.8675999999999999,0.19215000000000004,0.5951,0.08085,0.8582000000000001
370,0.0,1.4920999999999998,0.23755,0.3194,0.1437,1.0754000000000001
371,0.0,1.6079499999999998,0.25705,0.40514999999999995,0.11845,1.1040499999999998
372,0.0,1.08375,0.17605,0.33475,0.10499999999999998,0.9396500000000001
373,0.0,0.8541999999999998,0.18050000000000002,0.22100000000000003,0.11764999999999999,0.8516499999999999
374,0.0,1.0410499999999998,0.2002,0.29555000000000003,0.13645,1.00885
375,0.0,0.9981999999999999,0.21034999999999998,0.23735,0.11365000000000001,0.7698
376,0.0,0.88465,0.21825,0.2449,0.15389999999999998,1.0326
377,0.0,1.1383999999999999,0.23875000000000002,0.3252999999999999,0.10984999999999999,0.8826499999999999
378,0.0,1.13875,0.18675000000000003,0.24175,0.07815,0.90785
379,0.0,1.0596,0.16729999999999998,0.1966,0.12219999999999998,0.8976000000000001
380,0.0,1.1180999999999999,0.1882,0.24059999999999998,0.1156,0.8636499999999999
381,0.0,1.0115,0.17589999999999997,0.34055,0.1273,1.3636499999999998
382,0.0,1.03795,0.2791,0.40375000000000005,0.11865,1.1360499999999998
383,0.0,0.6788000000000001,0.19715,0.21760000000000002,0.09145,1.0744500000000001
384,0.0,1.7670999999999997,0.19799999999999998,0.89915,0.0756,2.36265
385,0.0,2.5227500000000003,1.8800499999999998,0.9591999999999999,0.19274999999999998,0.38645
386,0.0,1.10945,2.074,0.18310000000000004,1.1925500000000002,1.5041999999999998
387,0.0,1.3128,1.4460000000000002,0.8469499999999999,0.6171,2.1437999999999997
388,0.0,1.7982,1.2057,0.4805500000000001,0.28495000000000004,0.6842499999999999
389,0.0,0.9813999999999999,0.9165,0.2541,0.31429999999999997,0.6065499999999999
390,0.0,0.8450499999999999,1.2085000000000001,0.23285000000000003,0.183,0.4583
391,0.0,1.0568,1.6567,0.31749999999999995,0.2957,0.63925
392,0.0,1.2008999999999999,1.0912499999999998,0.21775,0.19455,0.3625
393,0.0,1.4547999999999999,1.79275,1.03905,1.25855,1.599
394,0.0,1.7591,5.536949999999999,0.24260000000000004,0.30334999999999995,0.72885
395,0.0,1.035,1.2315,0.2862,0.27125000000000005,0.30855
396,0.0,1.2394500000000002,1.49825,0.2021,0.20090000000000002,0.38954999999999995
397,0.0,1.1700500000000003,0.9794499999999999,0.17145,0.23025000000000004,0.5696
398,0.0,1.06565,1.0611,0.17245000000000002,0.2814,0.44794999999999996
399,0.0,1.1345,1.266,0.14195000000000002,0.28285000000000005,0.5105500000000001
400,0.0,1.1539,1.95715,0.1909,0.305,0.6464000000000001
401,0.0,1.3773000000000002,1.93625,0.2561,0.3503,0.6948999999999999
402,0.0,1.1599499999999998,1.1806499999999998,0.119,0.21435,0.469
403,0.0,0.99875,1.2161,0.1889,0.26895,0.368
404,0.0,0.64595,0.95865,0.34195,0.25145,0.57545
405,0.0,0.9045000000000001,4.670799999999999,6.117900000000001,0.7838,1.2628
406,0.0,0.6349499999999999,3.4801,0.6553,0.8073499999999999,1.99785
407,0.0,0.18065000000000003,0.48555,0.2895500000000001,0.29980000000000007,0.87215
408,0.0,0.1903,0.27754999999999996,0.14270000000000002,0.39985,1.0534999999999999
409,0.0,0.13900000000000004,0.335,0.16485000000000002,0.5378999999999999,0.9438500000000001
410,0.0,0.15745,0.21434999999999998,0.07875,0.30315,0.9743999999999999
411,0.0,0.14845000000000003,0.24895,0.0434,0.30829999999999996,0.844
412,0.0,0.18769999999999998,0.3222,0.056249999999999994,0.46385,1.2775
413,0.0,0.14745,0.34620000000000006,0.03865,0.31185,0.82375
414,0.0,0.18510000000000004,0.45454999999999995,0.05335,0.3705,1.15095
415,0.0,0.14975,0.19235,0.05255,0.56255,0.96095
416,0.0,0.20795,0.4565,0.02545,0.36635000000000006,0.8568
417,0.0,0.19805,0.499,0.043300000000000005,0.3693,0.8757999999999999
418,0.0,0.20455,0.37365000000000004,0.04125,0.356,0.9358
419,0.0,0.1844,0.40574999999999994,0.0644,0.3966,0.9749500000000001
420,0.0,0.1697,0.3478,0.0436,0.22074999999999997,0.9969499999999998
421,0.0,0.1466,0.2502,0.026,0.44625,0.7173999999999999
422,0.0,0.1842,0.2794,0.0358,0.4278,0.7977
423,0.0,0.21785,1.0347499999999998,0.19095000000000004,0.93865,1.711
424,0.0,1.4203499999999996,4.7891,0.09925,1.1048,1.79415
425,0.0,0.9062000000000001,2.6843,0.19180000000000003,0.8722000000000001,1.67965
426,0.0,0.0875,0.03795,0.15855,0.6326,1.74855
427,0.0,0.43555,0.07715,0.3685999999999999,0.3883,1.55125
428,0.0,0.07745,0.027600000000000006,0.28865,0.23675,1.2998
429,0.0,0.039950000000000006,0.006800000000000001,0.25730000000000003,0.25015,1.0119
430,0.0,0.02635,0.00915,0.2322,0.23444999999999996,1.1522500000000002
431,0.0,0.01565,0.008,0.1788,0.2168,0.6184000000000001
432,0.0,0.019799999999999998,0.011749999999999998,0.1523,0.12444999999999998,0.9266499999999999
433,0.0,0.027149999999999997,0.007500000000000001,0.26915,0.25425,0.9463
434,0.0,0.018699999999999998,0.0066,0.19305,0.16670000000000001,0.7870999999999999
435,0.0,0.03485,0.01675,0.1432,0.17635000000000003,1.0224
436,0.0,0.02605,0.007350000000000001,0.15654999999999997,0.17884999999999998,0.8129500000000001
437,0.0,0.04755,0.0221,0.24175000000000002,0.2613,1.2149
438,0.0,0.09395,0.06970000000000001,0.19585,1.4927000000000001,0.6436499999999999
439,0.0,0.0407,0.023650000000000004,0.09585,1.5361,0.28045
440,0.0,0.09940000000000002,0.050449999999999995,0.3235,4.6463,0.216
441,0.0,0.149,0.09620000000000001,0.4767,7.3707,0.26199999999999996
442,0.0,0.07039999999999999,0.055749999999999994,0.0786,6.701550000000001,0.08920000000000002
443,0.0,0.08969999999999999,0.0741,0.1543,5.8859,0.08985000000000001
444,0.0,0.07245,0.05825,0.08800000000000001,5.7464,0.0919
445,0.0,0.11905,0.1101,0.14265,8.02835,0.15555000000000002
446,0.0,0.09169999999999999,0.09274999999999999,0.08885,6.650950000000002,0.1027
447,0.0,0.07745,0.07355,0.06605,5.35335,0.0942
448,0.0,0.010199999999999999,0.017249999999999998,0.030099999999999995,2.3249500000000003,0.03175
449,0.0,0.06424999999999999,0.05634999999999999,0.23395,5.7892,0.11055000000000001
450,0.0,0.10450000000000001,0.067,2.071,0.98485,0.06425
451,0.0,0.05305,0.05484999999999999,4.959949999999999,0.1088,0.0707
452,0.0,0.0839,0.0561,1.8262999999999998,0.0958,0.058899999999999994
453,0.0,0.050249999999999996,0.0592,6.0004,0.17355,0.16415000000000002
454,0.0,0.058800000000000005,0.033,2.6535500000000005,0.0829,0.06225000000000001
455,0.0,0.05205,0.023149999999999997,2.5941,0.0921,0.0369
456,0.0,0.03815,0.026500000000000003,2.1388,0.09634999999999999,0.051699999999999996
457,0.0,0.041500000000000016,0.020000000000000004,1.7771500000000002,0.0495,0.04815
458,0.0,0.03155,0.01635,1.3886999999999998,0.024900000000000002,0.037950000000000005
459,0.0,0.0283,0.01835,1.7720000000000002,0.0789,0.0323
460,0.0,0.028,0.02565,1.7901500000000001,0.08055000000000001,0.038900000000000004
461,0.0,0.03754999999999999,0.0128,1.52365,0.0651,0.037099999999999994
462,0.0,0.027000000000000003,0.025049999999999996,1.9417,0.07715,0.038099999999999995
463,0.0,0.08249999999999999,0.06089999999999999,2.4428,0.1349,0.09615
464,0.0,0.04165,0.03305,0.02385,0.0165,0.0212
465,0.0,0.014400000000000003,0.010600000000000002,0.0169,0.0087,0.00645
466,0.0,0.00445,0.0087,0.009249999999999998,0.0054,0.0029500000000000004
467,0.0,0.0054,0.0083,0.024599999999999997,0.006600000000000001,0.00445
468,0.0,0.006849999999999999,0.003000000000000001,0.00655,0.0048000000000000004,0.0042
469,0.0,0.00525,0.003400000000000001,0.00425,0.00395,0.0034999999999999996
470,0.0,0.002,0.0037000000000000006,0.00275,0.00385,0.0067
471,0.0,0.0036499999999999996,0.0025,0.0036499999999999996,0.0039000000000000003,0.00555
472,0.0,0.00285,0.006899999999999998,0.00425,0.0035499999999999998,0.00515
473,0.0,0.00365,0.004399999999999999,0.0033999999999999994,0.006249999999999999,0.00635
474,0.0,0.0026499999999999996,0.006850000000000001,0.0043500000000000014,0.0061,0.007299999999999999
475,0.0,0.00345,0.005699999999999999,0.0031999999999999997,0.00595,0.0064
476,0.0,0.0018999999999999998,0.0040999999999999995,0.0040500000000000015,0.006249999999999999,0.006049999999999999
477,0.0,0.0045,0.007049999999999999,0.003,0.006699999999999999,0.00575
478,0.0,0.0032500000000000003,0.001999999999999999,0.0019499999999999995,0.004849999999999999,0.004550000000000001
479,0.0,0.0036500000000000005,0.0052,0.00425,0.00535,0.0047
480,0.0,0.00415,0.0021,0.004749999999999999,0.0033499999999999992,0.00555
481,0.0,0.00345,0.0037,0.0033,0.0034999999999999988,0.0032
482,0.0,0.0034500000000000004,0.00335,0.00265,0.0063999999999999994,0.0052
483,0.0,0.005850000000000001,0.00475,0.0065499999999999985,0.006200000000000001,0.005000000000000001
484,0.0,0.004600000000000001,0.004450000000000001,0.0039000000000000007,0.0055,0.006
485,0.0,0.0039,0.0034999999999999996,0.004050000000000001,0.0037500000000000007,0.003799999999999999
486,0.0,0.0048000000000000004,0.00655,0.0039000000000000007,0.005300000000000001,0.00305
487,0.0,0.0036000000000000003,0.00845,0.0044,0.0086,0.005750000000000001
488,0.0,0.005200000000000001,0.010299999999999998,0.008000000000000002,0.0107,0.0088
489,0.0,0.055650000000000005,0.0327,0.52295,0.08755,0.08245
490,0.0,0.047049999999999995,0.043800000000000006,2.4787500000000002,0.10339999999999999,0.06174999999999999
491,0.0,0.0534,0.0451,3.4229999999999996,0.14695,0.10085
492,0.0,0.0483,0.0568,3.4025499999999997,0.1501,0.1543
493,0.0,0.05515000000000001,0.019,1.6807499999999995,0.38170000000000004,0.14255
494,0.0,0.0726,0.062200000000000005,0.54185,3.7660000000000005,0.6519
495,0.0,0.0851,0.06210000000000001,0.18119999999999997,4.56135,0.38344999999999996
496,0.0,0.08205000000000001,0.08085,0.16160000000000002,4.2048,0.9780000000000001
497,0.0,0.17989999999999998,0.11955,0.18955,5.777899999999999,0.62225
498,0.0,0.09515,0.06195,0.2971,0.9951000000000001,2.8732499999999996
499,0.0,0.0657,0.09579999999999998,0.12100000000000001,0.1396,3.7464
500,0.0,0.07934999999999999,0.043199999999999995,0.06639999999999999,0.16505,2.6041
501,0.0,2.6769,1.64815,0.2517,0.5236999999999999,1.2387000000000001
502,0.0,1.7169,0.8185,0.45120000000000005,1.0198500000000001,1.2405
503,0.0,2.5809999999999995,1.7428500000000002,0.4824,0.4494,0.9110499999999998
504,0.0,1.659,1.0234,0.12240000000000001,0.5184000000000001,0.83505
505,0.0,1.3632,0.96625,0.10585,0.32230000000000003,0.48385
506,0.0,1.9667000000000001,2.0038000000000005,0.0854,0.38015000000000004,1.1066500000000001
507,0.0,2.1290999999999998,1.9811500000000002,0.20089999999999997,0.4881,1.0325000000000002
508,0.0,2.45975,1.71735,0.1375,0.5450499999999999,0.8715499999999998
509,0.0,1.7661000000000002,1.4339499999999998,0.11319999999999998,0.36224999999999996,0.6220999999999999
510,0.0,2.54235,1.27155,0.14925,0.4612,0.78665
511,0.0,1.7680500000000001,1.0176,0.10395,0.29130000000000006,0.5634
512,0.0,2.10505,1.67275,0.08810000000000003,0.30845000000000006,0.55105
513,0.0,1.6277000000000004,1.2667499999999998,0.1241,0.47364999999999996,0.7347500000000001
514,0.0,2.0859,1.5887999999999998,0.0823,0.48805000000000004,0.56795
515,0.0,2.2159,1.3534000000000002,0.10784999999999999,0.47385000000000005,0.33365
516,0.0,2.2032,1.4525000000000001,0.08035,0.45585,0.66005
517,0.0,2.8109,1.7087499999999998,0.10815000000000001,0.5420499999999999,0.6849000000000001
518,0.0,1.5453000000000001,0.9358500000000002,0.12160000000000001,0.36095,0.51
519,0.0,2.10005,1.11155,0.1993,0.47265,1.3473
520,0.0,0.04394999999999999,0.0315,0.17920000000000003,0.5184500000000001,1.05195
521,0.0,0.022100000000000005,0.012450000000000003,0.1134,0.28245,1.6907999999999999
522,0.0,0.021100000000000004,0.01125,0.08400000000000002,0.30060000000000003,1.0549
523,0.0,0.01475,0.0095,0.0838,0.20745000000000002,1.42175
524,0.0,0.027800000000000005,0.013499999999999998,0.06280000000000001,0.37685,1.1198000000000001
525,0.0,0.12155000000000002,0.13670000000000004,0.37885,4.5009500000000005,2.7078
526,0.0,0.10290000000000002,0.07565000000000001,0.14980000000000002,6.555,0.09350000000000001
527,0.0,0.0806,0.08995000000000002,0.15369999999999998,7.536750000000001,0.10129999999999999
528,0.0,0.04475,0.049199999999999994,0.053000000000000005,5.134650000000001,0.06080000000000001
529,0.0,0.0692,0.06445,0.056999999999999995,6.13645,0.08425000000000002
530,0.0,0.06395,0.06670000000000001,0.07805,7.03905,0.10844999999999999
531,0.0,0.042,0.051300000000000005,0.04830000000000001,5.855950000000001,0.059800000000000006
532,0.0,0.0258,0.029049999999999996,0.0462,3.6034500000000005,0.042249999999999996
533,0.0,0.08045,0.0667,0.08909999999999998,5.4089,0.13620000000000002
534,0.0,0.0813,0.061950000000000005,0.6818000000000001,1.5957,0.0967
535,0.0,0.025450000000000004,0.024300000000000002,1.5894,0.044750000000000005,0.030350000000000002
536,0.0,0.02035,0.0213,1.8649999999999998,0.020749999999999998,0.03705
537,0.0,0.02985,0.019700000000000002,2.061,0.02225,0.018500000000000003
538,0.0,0.04780000000000001,0.041699999999999994,2.1129,0.07210000000000001,0.0631
539,0.0,0.0406,0.05295,5.71655,0.11145,0.1227
540,0.0,0.10095,0.0834,0.31779999999999997,0.05950000000000001,0.09165000000000001
541,0.0,0.03205,0.022099999999999998,0.018799999999999997,0.0094,0.015200000000000002
542,0.0,0.010350000000000002,0.011849999999999996,0.006699999999999999,0.007949999999999999,0.0066
543,0.0,0.0049,0.0085,0.007299999999999999,0.007299999999999999,0.0036
544,0.0,0.0033,0.006849999999999999,0.004299999999999999,0.005999999999999999,0.004350000000000001
545,0.0,0.0035500000000000006,0.00255,0.0039,0.008150000000000001,0.0042
546,0.0,0.0049,0.0042499999999999994,0.0041,0.0026,0.0038499999999999997
547,0.0,0.005050000000000001,0.0103,0.01065,0.0083,0.00365
548,0.0,0.00465,0.0092,0.00605,0.010400000000000001,0.005450000000000002
549,0.0,0.0864,0.04639999999999999,0.16874999999999998,0.0749,0.05135
550,0.0,0.13585,0.08349999999999999,0.4404,0.2008,0.33025
551,0.0,1.4495,0.10940000000000001,2.5378499999999997,0.14554999999999998,0.5681
552,0.0,1.17455,1.9848,0.4576,0.2211,0.77845
553,0.0,1.5732,2.675,0.7070500000000002,0.4934,0.9803500000000002
554,0.0,0.7696000000000001,0.9535,0.63485,0.2587,0.8851000000000001
555,0.0,1.0319500000000001,0.6326,0.4640500000000001,1.20825,0.92495
556,0.0,1.6074500000000003,0.72145,0.55285,1.1777499999999999,1.2597500000000004
557,0.0,2.2935000000000003,1.19,0.19270000000000004,0.39399999999999996,0.60065
558,0.0,1.9454,1.20845,0.13724999999999998,0.17855,0.4772
559,0.0,2.22415,0.8211,0.1793,0.38225,0.7834
560,0.0,1.89635,1.4354,0.14265,0.3165,0.6766
561,0.0,2.0462,1.24295,0.1718,0.46245,0.6365
562,0.0,1.3736500000000003,1.4047,0.1698,0.39685000000000004,0.75335
563,0.0,1.87285,1.2639999999999998,0.16045,0.4556,0.7335500000000001
564,0.0,1.9058000000000002,1.2273999999999998,0.13695000000000002,0.4039499999999999,0.74725
565,0.0,1.7593500000000002,1.20805,0.15375,0.38115,0.5097999999999999
566,0.0,1.4852999999999998,1.1512500000000003,0.14415,0.32775000000000004,0.5784500000000001
567,0.0,1.64535,1.2896,0.10214999999999999,0.35359999999999997,0.60905
568,0.0,1.2612,0.8756999999999999,0.0933,0.32599999999999996,0.42185
569,0.0,1.0814000000000001,1.124,0.1512,0.3313,0.42755
570,0.0,1.58385,1.01625,0.12764999999999999,0.28279999999999994,0.62135
571,0.0,0.9449000000000001,0.7244999999999999,0.1218,0.27375,0.31029999999999996
572,0.0,0.82775,0.5057,0.11389999999999997,0.20739999999999997,0.3096
573,0.0,1.1089499999999999,0.8576,0.09275,0.23950000000000002,0.376
574,0.0,1.0394500000000002,0.65515,0.09469999999999998,0.20550000000000002,0.23765000000000003
575,0.0,1.55815,1.0587,0.10339999999999998,0.1313,0.13545
576,0.0,1.29005,0.9676,0.09445,0.27344999999999997,0.3014
577,0.0,2.0926,1.0661,0.0812,0.21665,0.2506
578,0.0,2.2249499999999998,1.6207,0.09545000000000001,0.21549999999999997,0.31815
579,0.0,1.6997,1.2288999999999999,0.09549999999999999,0.24309999999999996,0.26925
580,0.0,1.9239499999999998,1.1409,0.0991,0.18430000000000002,0.57555
581,0.0,1.7063499999999996,0.99925,0.12569999999999998,0.22949999999999998,0.30935
582,0.0,1.4985500000000003,1.21895,0.09759999999999999,0.17699999999999996,0.27149999999999996
583,0.0,1.5943999999999998,1.0903999999999998,0.15555000000000002,0.2711,0.3831
584,0.0,1.4823,0.8306499999999999,0.10699999999999998,0.21209999999999998,0.3228
585,0.0,1.5319,1.01745,0.10289999999999998,0.228,0.3451
586,0.0,1.1474000000000002,0.92965,0.23655,0.43775000000000003,0.7725500000000001
587,0.0,2.2743,1.29685,0.33015000000000005,0.8291,1.33365
588,0.0,5.94495,0.6183500000000001,0.57255,0.60195,2.9549
589,0.0,1.4861499999999999,0.15785,0.7674999999999998,0.25395,2.2184
590,0.0,2.8807500000000004,0.1306,0.4761500000000001,0.12350000000000001,1.02115
591,0.0,0.55615,0.16675,0.48274999999999996,0.0888,0.47940000000000005
592,0.0,0.42874999999999996,0.1588,0.29535,0.04085,0.49984999999999996
593,0.0,0.53615,0.19585000000000002,0.56295,0.09885000000000001,0.6451
594,0.0,0.57525,0.19415000000000004,0.7189000000000001,0.10170000000000001,0.56315
595,0.0,0.50225,0.23735,0.5604,0.06205,0.69105
596,0.0,0.5043500000000001,0.2429,0.42944999999999994,0.09939999999999999,0.6506500000000001
597,0.0,0.46279999999999993,0.15625,0.5442499999999999,0.07250000000000001,0.6402000000000001
598,0.0,0.7243499999999998,0.21325,0.3355,0.0971,0.49539999999999995
599,0.0,0.4666,0.19905,0.4579499999999999,0.07915,0.5674999999999999
600,0.0,0.4345,0.18605,0.3633,0.07014999999999999,0.4951000000000001
601,0.0,0.71025,0.18175,0.49874999999999997,0.07184999999999998,0.55185
602,0.0,0.5334,0.2854,0.56855,0.0586,0.68705
603,0.0,0.5079,0.23405,0.39515,0.06844999999999998,0.6896000000000001
604,0.0,0.6629,0.2452,0.3527,0.0691,0.59825
605,0.0,0.63635,0.32475,0.42099999999999993,0.04885,0.7378
606,0.0,0.69445,0.25854999999999995,0.45255000000000006,0.0967,0.8153999999999999
607,0.0,0.6304500000000001,0.24924999999999997,0.34869999999999995,0.09205,0.85695
608,0.0,0.6440500000000001,0.31135,0.28090000000000004,0.0479,0.575
609,0.0,0.7454,0.29885,0.38589999999999997,0.10255000000000002,0.7309499999999999
610,0.0,0.5823,0.23370000000000002,0.4549,0.1266,0.63925
611,0.0,0.5021,0.25920000000000004,0.43945,0.08885000000000001,0.5009500000000001
612,0.0,0.45665,0.22524999999999998,0.5941,0.06720000000000001,0.64325
613,0.0,0.5621499999999999,0.21469999999999997,0.30865000000000004,0.0765,0.52
614,0.0,0.4667,0.3091,0.31705,0.0733,0.463
615,0.0,0.4932000000000001,0.37635,0.5690999999999999,0.1041,0.6321500000000001
616,0.0,0.49365,0.3483,0.4455,0.07285000000000001,0.7896000000000001
617,0.0,0.54225,0.38364999999999994,0.26075000000000004,0.0735,0.7426499999999999
618,0.0,0.54495,0.35025,0.37460000000000004,0.10075000000000002,0.8040499999999999
619,0.0,0.43405,0.30765000000000003,0.3057,0.06735,0.40814999999999996
620,0.0,1.4078,1.82845,0.6668499999999998,0.23429999999999998,3.114
621,0.0,0.14734999999999998,1.97775,0.09205,0.15499999999999997,1.1428500000000001
622,0.0,0.16855,0.08435000000000001,0.55145,0.6457499999999998,3.4403500000000005
623,0.0,0.04055,0.0298,0.19019999999999998,0.44025000000000003,2.5431999999999997
624,0.0,0.02275,0.014300000000000002,0.17285,0.26089999999999997,1.7165500000000002
625,0.0,0.0305,0.01855,0.1291,0.2788,2.0044000000000004
626,0.0,0.02135,0.0115,0.1546,0.22965000000000002,1.25765
627,0.0,0.0172,0.010499999999999999,0.14165,0.22579999999999997,1.26215
628,0.0,0.024800000000000003,0.007999999999999998,0.19019999999999998,0.20229999999999998,1.3818
629,0.0,0.022199999999999998,0.010799999999999997,0.13185000000000002,0.22999999999999995,1.5585
630,0.0,0.029300000000000003,0.0198,0.1588,0.25334999999999996,1.2371999999999999
631,0.0,0.04365,0.014699999999999998,0.09709999999999998,0.29615,1.4221
632,0.0,0.030150000000000003,0.01565,0.0793,0.24845,1.478
633,0.0,0.01675,0.0129,0.0764,0.1587,0.9757999999999999
634,0.0,0.028,0.01305,0.0804,0.24309999999999998,0.8113
635,0.0,0.30330000000000007,1.61165,0.09770000000000001,0.16465000000000005,1.10725
636,0.0,1.04595,1.2761,0.19675,0.32200000000000006,0.4674499999999999
637,0.0,1.36415,1.1807000000000003,0.65075,0.4747,1.0511
638,0.0,0.942,1.9538999999999995,0.2209,0.40945000000000004,0.6439499999999999
639,0.0,1.3087,1.7400999999999998,0.27525000000000005,0.25,1.0597500000000002
640,0.0,0.8148000000000001,1.00205,0.21325000000000002,0.34304999999999997,0.47505
641,0.0,0.97205,1.10105,0.21230000000000002,0.30100000000000005,0.7899499999999999
642,0.0,0.6042500000000001,1.267,0.23905000000000004,0.35525000000000007,0.6690499999999999
643,0.0,0.8251499999999999,1.0272999999999999,0.21185,0.2824,0.7352000000000001
644,0.0,0.9902000000000001,1.3300999999999998,0.20025,0.41355,0.6234000000000001
645,0.0,0.90865,1.0625499999999999,0.1895,0.39855000000000007,0.48285000000000006
646,0.0,0.73525,0.8105500000000001,0.1897,0.2283,0.44009999999999994
647,0.0,0.44465,0.80365,0.24755,0.2854,0.47895000000000004
648,0.0,0.93225,0.9241499999999999,0.13045,0.18455000000000002,0.2506
649,0.0,1.28045,2.22385,0.14445,0.25865,0.19244999999999998
650,0.0,0.9888999999999999,1.4841000000000002,0.14305,0.28545,0.54955
651,0.0,0.52015,0.6329,0.1786,0.34320000000000006,0.34314999999999996
652,0.0,1.01865,0.9391999999999998,0.12245000000000002,0.1542,0.20779999999999998
653,0.0,0.8896000000000001,1.2811,0.18920000000000003,0.24045,0.6165500000000002
654,0.0,0.48150000000000004,4.3817,1.8630999999999998,0.3242,0.67515
655,0.0,0.23695,1.4265,0.8727499999999999,1.38225,0.3703
656,0.0,0.1616,0.9685,1.67025,0.7971,0.9010499999999999
657,0.0,0.1629,0.45775,0.5319999999999999,0.25265000000000004,0.4305
658,0.0,0.1871,0.5601,0.17319999999999997,0.26385,0.40790000000000004
659,0.0,0.15475,0.44005,0.11075,0.35300000000000004,0.6263
660,0.0,0.11895000000000001,0.39425000000000004,0.09499999999999999,0.22260000000000002,0.37045
661,0.0,0.1269,0.27075,0.09034999999999999,0.24924999999999997,0.36485
662,0.0,0.1268,0.26585,0.08149999999999999,0.16105000000000003,0.3026999999999999
663,0.0,0.12214999999999998,0.40115,0.07730000000000001,0.24280000000000004,0.35624999999999996
664,0.0,0.13935,0.38459999999999994,0.10615,0.27454999999999996,0.37644999999999995
665,0.0,0.08535000000000001,0.3811,0.15935,0.3911,0.5132
666,0.0,0.16155,0.6496999999999999,0.14220000000000002,0.31594999999999995,0.3672000000000001
667,0.0,0.14710000000000004,0.7924500000000001,0.14425,0.47990000000000005,0.48650000000000004
668,0.0,0.15175,0.7031000000000001,0.1028,0.1972,0.46369999999999995
669,0.0,0.16640000000000002,0.6871,0.0721,0.27225,0.48150000000000004
670,0.0,0.12165000000000001,0.54435,0.19205,0.27715,0.42919999999999997
671,0.0,0.11875000000000001,0.31655,0.07629999999999999,0.21535,0.36195
672,0.0,0.1382,0.39815,0.09305000000000001,0.17664999999999997,0.28209999999999996
673,0.0,0.13105000000000003,0.44794999999999996,0.1057,0.23165000000000002,0.3389
674,0.0,0.0933,0.26654999999999995,0.1512,0.30085,0.4504
675,0.0,0.14505,0.7792499999999999,0.11784999999999998,0.22905000000000006,0.31820000000000004
676,0.0,0.16025000000000003,0.55745,0.09195,0.28645,0.4427
677,0.0,0.14529999999999998,0.60085,0.11029999999999998,0.25944999999999996,0.50765
678,0.0,0.14,0.6215,0.1137,0.3556,0.43474999999999997
679,0.0,0.1508,0.5798500000000001,0.10765000000000001,0.29584999999999995,0.48925
680,0.0,0.10735,0.4417500000000001,0.13115,0.39564999999999995,0.4314
681,0.0,0.11080000000000001,0.57865,0.07944999999999999,0.21280000000000004,0.3808000000000001
682,0.0,0.14474999999999996,0.60595,0.06265,0.20725,0.34214999999999995
683,0.0,0.1258,0.6776500000000001,0.12535000000000002,0.21825,0.3570999999999999
684,0.0,0.1315,0.5788,0.09939999999999999,0.21195,0.44015000000000004
685,0.0,0.12945,0.28775,0.07355,0.18770000000000003,0.3116
686,0.0,0.20985,0.7888,0.1737,0.30410000000000004,0.54975
687,0.0,0.44875,4.77745,0.4091,0.25095000000000006,2.01455
688,0.0,0.27425,1.0599500000000002,0.21735000000000002,0.08375000000000002,0.86325
689,0.0,0.07155,0.036699999999999997,0.34759999999999996,0.31610000000000005,2.23105
690,0.0,0.10059999999999998,0.0383,0.28989999999999994,0.244,2.37655
691,0.0,0.07375,0.0318,0.6425500000000001,0.1041,1.49575
692,0.0,0.03635,0.026250000000000006,0.2499,0.55905,1.3421500000000002
693,0.0,0.040650000000000006,0.015000000000000001,0.2341,0.23464999999999997,1.4498
694,0.0,0.02225,0.008999999999999998,0.11804999999999999,0.2317,1.3916000000000002
695,0.0,0.023799999999999998,0.006249999999999999,0.23085000000000003,0.28279999999999994,1.09445
696,0.0,0.01565,0.007899999999999999,0.16005,0.25785,1.09175
697,0.0,0.027450000000000002,0.0078,0.20725000000000002,0.21065000000000003,1.3305500000000001
698,0.0,0.02465,0.007750000000000001,0.1225,0.19474999999999998,0.9195999999999999
699,0.0,0.017849999999999998,0.00905,0.1599,0.14695,0.8617500000000001
700,0.0,0.01575,0.010350000000000002,0.1777,0.1807,1.0205499999999998
701,0.0,0.016950000000000003,0.0069,0.1077,0.1483,0.7026499999999999
702,0.0,0.021400000000000002,0.00905,0.12565,0.19830000000000003,0.76775
703,0.0,0.023600000000000003,0.01125,0.1145,0.2539,0.9665
704,0.0,0.031349999999999996,0.0103,0.11814999999999999,0.2407,1.12985
705,0.0,0.02485,0.0070999999999999995,0.1094,0.20529999999999998,1.13415
706,0.0,0.019000000000000003,0.008499999999999997,0.14824999999999997,0.19655,0.7349999999999999
707,0.0,0.0196,0.0099,0.09234999999999999,0.14600000000000002,0.8157
708,0.0,0.01695,0.007149999999999999,0.07555,0.11735000000000001,0.7749499999999999
709,0.0,0.015000000000000001,0.006649999999999999,0.13355,0.15669999999999998,1.1172500000000003
710,0.0,0.06589999999999999,0.021650000000000003,0.33330000000000004,0.32575000000000004,1.8006500000000003
711,0.0,0.11170000000000001,0.0796,0.2794000000000001,0.39495,1.1269
712,0.0,0.06774999999999999,0.059600000000000014,0.46155000000000007,6.21635,0.25415
713,0.0,0.09720000000000001,0.09125,0.15115,7.51745,0.0922
714,0.0,0.08255000000000001,0.08624999999999998,0.12935,7.5451,0.08684999999999998
715,0.0,0.020550000000000002,0.0263,0.03395,3.3830000000000005,0.04189999999999999
716,0.0,0.013500000000000002,0.022400000000000003,0.03375,2.61775,0.03585
717,0.0,0.027249999999999996,0.0273,0.04055,3.27975,0.04935
718,0.0,0.03125,0.028599999999999997,0.05865,3.4922500000000003,0.0447
719,0.0,0.03385,0.033249999999999995,0.04765,3.7373499999999997,0.056499999999999995
720,0.0,0.027849999999999996,0.03735,0.03435,4.1648,0.05265
721,0.0,0.021800000000000003,0.023,0.050749999999999997,2.9067,0.04035
722,0.0,0.0196,0.027350000000000003,0.03365,3.6267500000000004,0.053950000000000005
723,0.0,0.02365,0.02625,0.0351,3.39195,0.04915
724,0.0,0.03395,0.038599999999999995,0.03425,4.173050000000001,0.049499999999999995
725,0.0,0.028299999999999995,0.02655,0.032799999999999996,3.592949999999999,0.04844999999999999
726,0.0,0.0361,0.04619999999999999,0.054150000000000004,4.78215,0.06924999999999999
727,0.0,0.0434,0.043100000000000006,0.047599999999999996,4.5795,0.06590000000000001
728,0.0,0.031299999999999994,0.025949999999999997,0.02995,3.1354,0.04335
729,0.0,0.04855,0.04375,0.07345000000000002,3.9456499999999997,0.11700000000000002
730,0.0,0.051699999999999996,0.08109999999999999,0.8214,2.4264999999999994,0.17390000000000003
731,0.0,0.0566,0.055999999999999994,3.64255,0.07775,0.27760000000000007
732,0.0,0.0911,0.07345000000000002,5.394499999999999,0.17165,0.1419
733,0.0,0.05354999999999999,0.0336,2.1513999999999998,0.01945,0.0723
734,0.0,0.0493,0.028650000000000002,2.5779,0.04085,0.0392
735,0.0,0.03565,0.023350000000000003,2.1959500000000003,0.09805000000000003,0.046
736,0.0,0.033549999999999996,0.02605,2.0925,0.07430000000000002,0.050300000000000004
737,0.0,0.013800000000000003,0.014700000000000001,1.63785,0.0504,0.03225
738,0.0,0.0389,0.03895,3.33355,0.10169999999999998,0.05424999999999999
739,0.0,0.02615,0.03605,3.6500499999999994,0.0637,0.03805
740,0.0,0.022,0.020749999999999998,2.39595,0.09189999999999997,0.039950000000000006
741,0.0,0.044300000000000006,0.037950000000000005,3.2315999999999994,0.07995000000000002,0.06774999999999999
742,0.0,0.0252,0.0227,2.4379999999999997,0.0661,0.037700000000000004
743,0.0,0.02135,0.025150000000000002,2.0735499999999996,0.08815,0.03165
744,0.0,0.0199,0.030299999999999994,2.9429499999999997,0.07135,0.03625000000000001
745,0.0,0.02955,0.03595000000000001,3.5900499999999993,0.05795,0.0432
746,0.0,0.02805,0.0398,3.8103500000000006,0.097,0.0217
747,0.0,0.0216,0.02015,1.5338999999999998,0.05135,0.02195
748,0.0,0.027749999999999997,0.039299999999999995,3.93825,0.08265,0.020550000000000002
749,0.0,0.10555,0.10469999999999999,4.910100000000001,0.30469999999999997,0.16945000000000002
750,0.0,0.017800000000000003,0.020600000000000004,0.05734999999999999,0.0189,0.014300000000000002
751,0.0,0.0096,0.008,0.011649999999999999,0.00885,0.008150000000000001
752,0.0,0.00495,0.004000000000000001,0.005549999999999999,0.005,0.004399999999999999
753,0.0,0.0025499999999999997,0.00305,0.005000000000000001,0.0036,0.003999999999999999
754,0.0,0.00415,0.0031500000000000005,0.010700000000000001,0.0041,0.0029
755,0.0,0.00395,0.0036000000000000003,0.0046999999999999984,0.00475,0.0048
756,0.0,0.0027500000000000003,0.0048,0.011250000000000001,0.0019000000000000002,0.004399999999999999
757,0.0,0.0029500000000000004,0.00385,0.0031000000000000003,0.005749999999999999,0.00505
758,0.0,0.0033000000000000004,0.0038,0.004049999999999999,0.004900000000000001,0.0069
759,0.0,0.005,0.0049,0.0061,0.00465,0.004600000000000001
760,0.0,0.00425,0.0057,0.005850000000000001,0.007850000000000001,0.0029000000000000002
761,0.0,0.0024,0.0049499999999999995,0.0045,0.004300000000000001,0.0034000000000000002
762,0.0,0.00525,0.004849999999999999,0.0036499999999999996,0.0053999999999999986,0.00485
763,0.0,0.00405,0.00285,0.0048000000000000004,0.005000000000000001,0.003749999999999999
764,0.0,0.004299999999999999,0.007550000000000001,0.00505,0.0064,0.0038499999999999997
765,0.0,0.0060999999999999995,0.009400000000000002,0.00675,0.00905,0.0043
766,0.0,0.0049499999999999995,0.009949999999999999,0.0084,0.007449999999999999,0.0058
767,0.0,0.014100000000000001,0.01895,0.0187,0.013799999999999998,0.008150000000000001
768,0.0,0.0065,0.00995,0.009699999999999999,0.01165,0.00625
769,0.0,0.0024,0.0056500000000000005,0.0035499999999999993,0.00605,0.0052499999999999995
770,0.0,0.004399999999999999,0.006699999999999999,0.0048,0.007549999999999999,0.00955
771,0.0,0.008550000000000002,0.00465,0.00915,0.00525,0.007300000000000001
772,0.0,0.0072,0.0045000000000000005,0.006500000000000001,0.004750000000000001,0.0109
